ItemID,Name,Category,StackSize,BlueprintPath
No ID,Advanced Sniper Bullet,Ammunition,50,"""Blueprint'/Game/PrimalEarth/CoreBlueprints/Weapons/PrimalItemAmmo_AdvancedSniperBullet.PrimalItemAmmo_AdvancedSniperBullet'"""
No ID,Alpha Rex Trophy,Trophy,1,"""Blueprint'/Game/PrimalEarth/CoreBlueprints/Items/Trophies/PrimalItemTrophy_AlphaRex.PrimalItemTrophy_AlphaRex'"""
No ID,Angler Gel,Resource,100,"""Blueprint'/Game/PrimalEarth/CoreBlueprints/Resources/PrimalItemResource_AnglerGel.PrimalItemResource_AnglerGel'"""
No ID,Araneo Saddle,Saddle,1,"""Blueprint'/Game/PrimalEarth/CoreBlueprints/Items/Armor/Saddles/PrimalItemArmor_SpiderSaddle.PrimalItemArmor_SpiderSaddle'"""
No ID,Ballista Bolt,Ammunition,50,"""Blueprint'/Game/PrimalEarth/CoreBlueprints/Weapons/PrimalItemAmmo_BallistaArrow.PrimalItemAmmo_BallistaArrow'"""
No ID,Ballista Turret,Structure,1,"""Blueprint'/Game/PrimalEarth/CoreBlueprints/Items/Structures/Misc/PrimalItemStructure_TurretBallista.PrimalItemStructure_TurretBallista'"""
No ID,Basic Gravestone,Structure,100,"""Blueprint'/Game/PrimalEarth/CoreBlueprints/Items/Structures/Wooden/PrimalItemStructure_Furniture_Gravestone.PrimalItemStructure_Furniture_Gravestone'"""
No ID,Boulder,Ammunition,50,"""Blueprint'/Game/PrimalEarth/CoreBlueprints/Weapons/PrimalItemAmmo_Boulder.PrimalItemAmmo_Boulder'"""
No ID,Bronto Bone Costume,Skin,1,"""Blueprint'/Game/PrimalEarth/CoreBlueprints/Items/Armor/Saddles/PrimalItemCostume_BoneSauro.PrimalItemCostume_BoneSauro'"""
No ID,Broodmother Trophy,Trophy,1,"""Blueprint'/Game/PrimalEarth/CoreBlueprints/Items/Trophies/PrimalItemTrophy_Broodmother.PrimalItemTrophy_Broodmother'"""
No ID,Bug Repellant,Consumable,100,"""Blueprint'/Game/PrimalEarth/CoreBlueprints/Items/Consumables/PrimalItemConsumable_BugRepellant.PrimalItemConsumable_BugRepellant'"""
No ID,Bunk Bed,Structure,3,"""Blueprint'/Game/PrimalEarth/CoreBlueprints/Items/Structures/Misc/PrimalItemStructure_Bed_Modern.PrimalItemStructure_Bed_Modern'"""
No ID,Candy Cane Club Skin,Skin,1,"""Blueprint'/Game/PrimalEarth/CoreBlueprints/Items/Armor/Leather/PrimalItemSkin_CandyClub.PrimalItemSkin_CandyClub'"""
No ID,Carno Bone Costume,Skin,1,"""Blueprint'/Game/PrimalEarth/CoreBlueprints/Items/Armor/Saddles/PrimalItemCostume_BoneCarno.PrimalItemCostume_BoneCarno'"""
No ID,Catapult Turret,Structure,100,"""Blueprint'/Game/PrimalEarth/CoreBlueprints/Items/Structures/Misc/PrimalItemStructure_TurretCatapult.PrimalItemStructure_TurretCatapult'"""
No ID,Chieftan Hat Skin,Skin,1,"""Blueprint'/Game/PrimalEarth/CoreBlueprints/Items/Armor/Skin/PrimalItemSkin_TurkeyHat.PrimalItemSkin_TurkeyHat'"""
No ID,Coal,Resource,200,"""Blueprint'/Game/PrimalEarth/CoreBlueprints/Resources/PrimalItemResource_Coal.PrimalItemResource_Coal'"""
No ID,Dino Santa Hat Skin,Skin,1,"""Blueprint'/Game/PrimalEarth/CoreBlueprints/Items/Armor/Skin/PrimalItemSkin_DinoSantaHat.PrimalItemSkin_DinoSantaHat'"""
No ID,Dino Witch Hat Skin,Skin,1,"""Blueprint'/Game/PrimalEarth/CoreBlueprints/Items/Armor/Leather/PrimalItemSkin_DinoWitchHat.PrimalItemSkin_DinoWitchHat'"""
No ID,Dune Buggy Vehicle Test,Structure,1,"""Blueprint'/Game/PrimalEarth/Vehicles/VH_Buggy/Blueprint/PrimalItemVHBuggy.PrimalItemVHBuggy'"""
No ID,Elevator Track,Structure,100,"""Blueprint'/Game/PrimalEarth/CoreBlueprints/Items/Structures/BuildingBases/PrimalItemStructure_ElevatorTrackBase.PrimalItemStructure_ElevatorTrackBase'"""
No ID,Ghillie Boots,Armor,1,"""Blueprint'/Game/PrimalEarth/CoreBlueprints/Items/Armor/Ghillie/PrimalItemArmor_GhillieBoots.PrimalItemArmor_GhillieBoots'"""
No ID,Ghillie Chestpiece,Armor,1,"""Blueprint'/Game/PrimalEarth/CoreBlueprints/Items/Armor/Ghillie/PrimalItemArmor_GhillieShirt.PrimalItemArmor_GhillieShirt'"""
No ID,Ghillie Gauntlets,Armor,1,"""Blueprint'/Game/PrimalEarth/CoreBlueprints/Items/Armor/Ghillie/PrimalItemArmor_GhillieGloves.PrimalItemArmor_GhillieGloves'"""
No ID,Ghillie Leggings,Armor,1,"""Blueprint'/Game/PrimalEarth/CoreBlueprints/Items/Armor/Ghillie/PrimalItemArmor_GhilliePants.PrimalItemArmor_GhilliePants'"""
No ID,Ghillie Mask,Armor,1,"""Blueprint'/Game/PrimalEarth/CoreBlueprints/Items/Armor/Ghillie/PrimalItemArmor_GhillieHelmet.PrimalItemArmor_GhillieHelmet'"""
No ID,Gift Box,Structure,100,"""Blueprint'/Game/PrimalEarth/CoreBlueprints/Items/Structures/Christmas/PrimalItemStructure_StorageBox_ChristmasGift.PrimalItemStructure_StorageBox_ChristmasGift'"""
No ID,Giganotosaurus Egg,Egg,100,"""Blueprint'/Game/PrimalEarth/Test/PrimalItemConsumable_Egg_Gigant.PrimalItemConsumable_Egg_Gigant'"""
No ID,Giganotosaurus Saddle,Saddle,1,"""Blueprint'/Game/PrimalEarth/CoreBlueprints/Items/Armor/Saddles/PrimalItemArmor_GigantSaddle.PrimalItemArmor_GigantSaddle'"""
No ID,Holiday Lights,Structure,100,"""Blueprint'/Game/PrimalEarth/CoreBlueprints/Items/Structures/Christmas/PrimalItemStructure_XmasLights.PrimalItemStructure_XmasLights'"""
No ID,Holiday Stocking,Structure,100,"""Blueprint'/Game/PrimalEarth/CoreBlueprints/Items/Structures/Christmas/PrimalItemStructure_Stocking.PrimalItemStructure_Stocking'"""
No ID,Holiday Tree,Structure,100,"""Blueprint'/Game/PrimalEarth/CoreBlueprints/Items/Structures/Christmas/PrimalItemStructure_ChristmasTree.PrimalItemStructure_ChristmasTree'"""
No ID,Homing Underwater Mine,Structure,,"""Blueprint'/Game/PrimalEarth/CoreBlueprints/Items/Structures/Misc/PrimalItemStructure_SeaMine.PrimalItemStructure_SeaMine'"""
No ID,Industrial Cooker,Structure,?,"""Blueprint'/Game/PrimalEarth/CoreBlueprints/Items/Structures/Misc/PrimalItemStructure_IndustrialCookingPot.PrimalItemStructure_IndustrialCookingPot'"""
No ID,Industrial Forge,Structure,?,"""Blueprint'/Game/PrimalEarth/CoreBlueprints/Items/Structures/Misc/PrimalItemStructure_IndustrialForge.PrimalItemStructure_IndustrialForge'"""
No ID,Kairuku Egg,Egg,100,"""Blueprint'/Game/PrimalEarth/Test/PrimalItemConsumable_Egg_Kairuku.PrimalItemConsumable_Egg_Kairuku'"""
No ID,Kibble (Kairuku Egg),Consumable,100,"""Blueprint'/Game/PrimalEarth/CoreBlueprints/Items/Consumables/PrimalItemConsumable_Kibble_KairukuEgg.PrimalItemConsumable_Kibble_KairukuEgg'"""
No ID,Kibble (Quetzal Egg),Consumable,100,"""Blueprint'/Game/PrimalEarth/CoreBlueprints/Items/Consumables/PrimalItemConsumable_Kibble_QuetzEgg.PrimalItemConsumable_Kibble_QuetzEgg'"""
No ID,Large Elevator Platform,Structure,100,"""Blueprint'/Game/PrimalEarth/CoreBlueprints/Items/Structures/BuildingBases/PrimalItemStructure_ElevatorPlatformLarge.PrimalItemStructure_ElevatorPlatformLarge'"""
No ID,Magnifying Glass,Weapon,,"""Blueprint'/Game/PrimalEarth/Test/PrimalItem_WeaponMagnifyingGlass.PrimalItem_WeaponMagnifyingGlass'"""
No ID,Medium Elevator Platform,Structure,100,"""Blueprint'/Game/PrimalEarth/CoreBlueprints/Items/Structures/BuildingBases/PrimalItemStructure_ElevatorPlatfromMedium.PrimalItemStructure_ElevatorPlatfromMedium'"""
No ID,Megaloceros Reindeer Costume,Skin,1,"""Blueprint'/Game/PrimalEarth/CoreBlueprints/Items/Armor/Saddles/PrimalItemCostume_ReindeerStag.PrimalItemCostume_ReindeerStag'"""
No ID,Metal Railing,Structure,100,"""Blueprint'/Game/PrimalEarth/CoreBlueprints/Items/Structures/Metal/PrimalItemStructure_MetalRailing.PrimalItemStructure_MetalRailing'"""
No ID,Metal Shield,Armor,1,"""Blueprint'/Game/PrimalEarth/CoreBlueprints/Items/Armor/Shields/PrimalItemArmor_MetalShield.PrimalItemArmor_MetalShield'"""
No ID,Metal Sword,Weapon,1,"""Blueprint'/Game/PrimalEarth/CoreBlueprints/Weapons/PrimalItem_WeaponSword.PrimalItem_WeaponSword'"""
No ID,Minigun Turret,Structure,100,"""Blueprint'/Game/PrimalEarth/CoreBlueprints/Items/Structures/Misc/PrimalItemStructure_TurretMinigun.PrimalItemStructure_TurretMinigun'"""
No ID,Mistletoe,Resource,200,"""Blueprint'/Game/PrimalEarth/CoreBlueprints/Resources/PrimalItemResource_MistleToe.PrimalItemResource_MistleToe'"""
No ID,Mosasaurus Platform Saddle,Saddle,1,"""Blueprint'/Game/PrimalEarth/CoreBlueprints/Items/Armor/Saddles/PrimalItemArmor_MosaSaddle_Platform.PrimalItemArmor_MosaSaddle_Platform'"""
No ID,Mosasaurus Saddle,Saddle,1,"""Blueprint'/Game/PrimalEarth/CoreBlueprints/Items/Armor/Saddles/PrimalItemArmor_MosaSaddle.PrimalItemArmor_MosaSaddle'"""
No ID,Organic Polymer,Resource,10,"""Blueprint'/Game/PrimalEarth/CoreBlueprints/Resources/PrimalItemResource_Polymer_Organic.PrimalItemResource_Polymer_Organic'"""
No ID,Oviraptor Egg,Egg,100,"""Blueprint'/Game/PrimalEarth/Test/PrimalItemConsumable_Egg_Oviraptor.PrimalItemConsumable_Egg_Oviraptor'"""
No ID,Plesiosaur Platform Saddle,Saddle,1,"""Blueprint'/Game/PrimalEarth/CoreBlueprints/Items/Armor/Saddles/PrimalItemArmor_PlesiSaddle_Platform.PrimalItemArmor_PlesiSaddle_Platform'"""
No ID,Procoptodon Saddle,Saddle,1,"""Blueprint'/Game/PrimalEarth/CoreBlueprints/Items/Armor/Saddles/PrimalItemArmor_ProcoptodonSaddle.PrimalItemArmor_ProcoptodonSaddle'"""
No ID,Pumpkin,Structure,100,"""Blueprint'/Game/PrimalEarth/CoreBlueprints/Items/structures/halloween/PrimalItemStructure_Pumpkin.PrimalItemStructure_Pumpkin'"""
No ID,Quetz Platform Saddle,Saddle,1,"""Blueprint'/Game/PrimalEarth/CoreBlueprints/Items/Armor/Saddles/PrimalItemArmor_QuetzSaddle_Platform.PrimalItemArmor_QuetzSaddle_Platform'"""
No ID,Quetz Saddle,Saddle,1,"""Blueprint'/Game/PrimalEarth/CoreBlueprints/Items/Armor/Saddles/PrimalItemArmor_QuetzSaddle.PrimalItemArmor_QuetzSaddle'"""
No ID,Quetzal Egg,Egg,100,"""Blueprint'/Game/PrimalEarth/Test/PrimalItemConsumable_Egg_Quetz.PrimalItemConsumable_Egg_Quetz'"""
No ID,Raptor Bone Costume,Skin,1,"""Blueprint'/Game/PrimalEarth/CoreBlueprints/Items/Armor/Saddles/PrimalItemCostume_BoneRaptor.PrimalItemCostume_BoneRaptor'"""
No ID,Rex Bone Costume,Skin,1,"""Blueprint'/Game/PrimalEarth/CoreBlueprints/Items/Armor/Saddles/PrimalItemCostume_BoneRex.PrimalItemCostume_BoneRex'"""
No ID,Riot Shield,Armor,1,"""Blueprint'/Game/PrimalEarth/CoreBlueprints/Items/Armor/Shields/PrimalItemArmor_TransparentRiotShield.PrimalItemArmor_TransparentRiotShield'"""
No ID,Rocket Turret,Structure,100,"""Blueprint'/Game/PrimalEarth/CoreBlueprints/Items/Structures/Misc/PrimalItemStructure_TurretRocket.PrimalItemStructure_TurretRocket'"""
No ID,Santa Hat Skin,Skin,1,"""Blueprint'/Game/PrimalEarth/CoreBlueprints/Items/Armor/Skin/PrimalItemSkin_SantaHat.PrimalItemSkin_SantaHat'"""
No ID,Scarecrow,Structure,100,"""Blueprint'/Game/PrimalEarth/CoreBlueprints/Items/structures/halloween/PrimalItemStructure_Scarecrow.PrimalItemStructure_Scarecrow'"""
No ID,SCUBA Leggings,Armor,1,"""Blueprint'/Game/PrimalEarth/CoreBlueprints/Items/Armor/SCUBA/PrimalItemArmor_ScubaPants.PrimalItemArmor_ScubaPants'"""
No ID,Small Elevator Platform,Structure,100,"""Blueprint'/Game/PrimalEarth/CoreBlueprints/Items/Structures/BuildingBases/PrimalItemStructure_ElevatorPlatformSmall.PrimalItemStructure_ElevatorPlatformSmall'"""
No ID,Smoke Grenade,Weapons,10,"""Blueprint'/Game/PrimalEarth/CoreBlueprints/Weapons/PrimalItem_GasGrenade.PrimalItem_GasGrenade'"""
No ID,Snowman,Structure,100,"""Blueprint'/Game/PrimalEarth/CoreBlueprints/Items/Structures/Christmas/PrimalItemStructure_Snowman.PrimalItemStructure_Snowman'"""
No ID,Soap,Consumable,1,"""Blueprint'/Game/PrimalEarth/CoreBlueprints/Items/Consumables/BaseBPs/PrimalItemConsumableSoap.PrimalItemConsumableSoap'"""
No ID,SotF: The Last Stand Trophy: 1st Place,Structure,1,
No ID,SotF: The Last Stand Trophy: 2nd Place,Structure,1,
No ID,SotF: The Last Stand Trophy: 3rd Place,Structure,1,
No ID,SotF: Unnatural Selection Trophy: 1st Place,Structure,1,"""Blueprint'/Game/PrimalEarth/CoreBlueprints/Items/Trophies/PrimalItemTrophy_SotFUS_1st.PrimalItemTrophy_SotFUS_1st'"""
No ID,SotF: Unnatural Selection Trophy: 2nd Place,Structure,1,"""Blueprint'/Game/PrimalEarth/CoreBlueprints/Items/Trophies/PrimalItemTrophy_SotFUS_2nd.PrimalItemTrophy_SotFUS_2nd'"""
No ID,SotF: Unnatural Selection Trophy: 3rd Place,Structure,1,"""Blueprint'/Game/PrimalEarth/CoreBlueprints/Items/Trophies/PrimalItemTrophy_SotFUS_3rd.PrimalItemTrophy_SotFUS_3rd'"""
No ID,Stego Bone Costume,Skin,1,"""Blueprint'/Game/PrimalEarth/CoreBlueprints/Items/Armor/Saddles/PrimalItemCostume_BoneStego.PrimalItemCostume_BoneStego'"""
No ID,Stone Fireplace,Structure,3,"""Blueprint'/Game/PrimalEarth/CoreBlueprints/Items/Structures/Misc/PrimalItemStructure_Fireplace.PrimalItemStructure_Fireplace'"""
No ID,Stone Railing,Structure,100,"""Blueprint'/Game/PrimalEarth/CoreBlueprints/Items/Structures/Stone/PrimalItemStructure_StoneRailing.PrimalItemStructure_StoneRailing'"""
No ID,Survival of the Fittest Trophy: 1st Place,Structure,1,"""Blueprint'/Game/PrimalEarth/CoreBlueprints/Items/Trophies/PrimalItemTrophy_SotF_1st.PrimalItemTrophy_SotF_1st'"""
No ID,Survival of the Fittest Trophy: 2nd Place,Structure,1,"""Blueprint'/Game/PrimalEarth/CoreBlueprints/Items/Trophies/PrimalItemTrophy_SotF_2nd.PrimalItemTrophy_SotF_2nd'"""
No ID,Survival of the Fittest Trophy: 3rd Place,Structure,1,"""Blueprint'/Game/PrimalEarth/CoreBlueprints/Items/Trophies/PrimalItemTrophy_SotF_3rd.PrimalItemTrophy_SotF_3rd'"""
No ID,Top Hat Skin,Skin,1,"""Blueprint'/Game/PrimalEarth/CoreBlueprints/Items/Armor/Skin/PrimalItemSkin_TopHat.PrimalItemSkin_TopHat'"""
No ID,Tranquilizer Dart,Ammunition,50,"""Blueprint'/Game/PrimalEarth/CoreBlueprints/Weapons/PrimalItemAmmo_TranqDart.PrimalItemAmmo_TranqDart'"""
No ID,Trike Bone Costume,Skin,1,"""Blueprint'/Game/PrimalEarth/CoreBlueprints/Items/Armor/Saddles/PrimalItemCostume_BoneTrike.PrimalItemCostume_BoneTrike'"""
No ID,Trophy Base,Structure,1,"""Blueprint'/Game/PrimalEarth/CoreBlueprints/Items/Structures/Misc/PrimalItemStructure_TrophyBase.PrimalItemStructure_TrophyBase'"""
No ID,Trophy Wall-Mount,Structure,100,"""Blueprint'/Game/PrimalEarth/CoreBlueprints/Items/Structures/Misc/PrimalItemStructure_TrophyWall.PrimalItemStructure_TrophyWall'"""
No ID,Wall Torch,Structure,100,"""Blueprint'/Game/PrimalEarth/CoreBlueprints/Items/Structures/Misc/PrimalItemStructure_WallTorch.PrimalItemStructure_WallTorch'"""
No ID,War Map,Structure,?,"""Blueprint'/Game/PrimalEarth/CoreBlueprints/Items/Structures/Wooden/PrimalItemStructure_WarMap.PrimalItemStructure_WarMap'"""
No ID,Wardrums,Structure,?,"""Blueprint'/Game/PrimalEarth/CoreBlueprints/Items/Structures/Wooden/PrimalItemStructure_Wardrums.PrimalItemStructure_Wardrums'"""
No ID,Wishbone,Resource,100,"""Blueprint'/Game/PrimalEarth/CoreBlueprints/Resources/PrimalItemResource_Wishbone.PrimalItemResource_Wishbone'"""
No ID,Witch Hat Skin,Skin,1,"""Blueprint'/Game/PrimalEarth/CoreBlueprints/Items/Armor/Skin/PrimalItemSkin_WitchHat.PrimalItemSkin_WitchHat'"""
No ID,Wooden Bench,Structure,100,"""Blueprint'/Game/PrimalEarth/CoreBlueprints/Items/Structures/Wooden/PrimalItemStructure_Furniture_WoodBench.PrimalItemStructure_Furniture_WoodBench'"""
No ID,Wooden Cage,Structure,100,"""Blueprint'/Game/PrimalEarth/CoreBlueprints/Items/Structures/Wooden/PrimalItemStructure_WoodCage.PrimalItemStructure_WoodCage'"""
No ID,Wooden Chair,Structure,100,"""Blueprint'/Game/PrimalEarth/CoreBlueprints/Items/Structures/Wooden/PrimalItemStructure_Furniture_WoodChair.PrimalItemStructure_Furniture_WoodChair'"""
No ID,Wooden Railing,Structure,100,"""Blueprint'/Game/PrimalEarth/CoreBlueprints/Items/Structures/Wooden/PrimalItemStructure_WoodRailing.PrimalItemStructure_WoodRailing'"""
No ID,Wooden Shield,Armor,1,"""Blueprint'/Game/PrimalEarth/CoreBlueprints/Items/Armor/Shields/PrimalItemArmor_WoodShield.PrimalItemArmor_WoodShield'"""
No ID,Wooden Table,Structure,100,"""Blueprint'/Game/PrimalEarth/CoreBlueprints/Items/Structures/Wooden/PrimalItemStructure_Furniture_WoodTable.PrimalItemStructure_Furniture_WoodTable'"""
No ID,Wreath,Structure,100,"""Blueprint'/Game/PrimalEarth/CoreBlueprints/Items/Structures/Christmas/PrimalItemStructure_Wreath.PrimalItemStructure_Wreath'"""
1,Simple Pistol,Weapons,1,"""Blueprint'/Game/PrimalEarth/CoreBlueprints/Weapons/PrimalItem_WeaponGun.PrimalItem_WeaponGun'"""
2,Assault Rifle,Weapons,1,"""Blueprint'/Game/PrimalEarth/CoreBlueprints/Weapons/PrimalItem_WeaponRifle.PrimalItem_WeaponRifle'"""
3,Rocket Launcher,Weapons,1,"""Blueprint'/Game/PrimalEarth/CoreBlueprints/Weapons/PrimalItem_WeaponRocketLauncher.PrimalItem_WeaponRocketLauncher'"""
4,Simple Bullet,Ammunition,50,"""Blueprint'/Game/PrimalEarth/CoreBlueprints/Weapons/PrimalItemAmmo_SimpleBullet.PrimalItemAmmo_SimpleBullet'"""
5,Bow,Weapons,1,"""Blueprint'/Game/PrimalEarth/CoreBlueprints/Weapons/PrimalItem_WeaponBow.PrimalItem_WeaponBow'"""
6,Grenade,Weapons,10,"""Blueprint'/Game/PrimalEarth/CoreBlueprints/Weapons/PrimalItem_WeaponGrenade.PrimalItem_WeaponGrenade'"""
7,Wood,Resource,100,"""Blueprint'/Game/PrimalEarth/CoreBlueprints/Resources/PrimalItemResource_Wood.PrimalItemResource_Wood'"""
8,Stone,Resource,100,"""Blueprint'/Game/PrimalEarth/CoreBlueprints/Resources/PrimalItemResource_Stone.PrimalItemResource_Stone'"""
9,Metal,Resource,200,"""Blueprint'/Game/PrimalEarth/CoreBlueprints/Resources/PrimalItemResource_Metal.PrimalItemResource_Metal'"""
10,Hide,Resource,200,"""Blueprint'/Game/PrimalEarth/CoreBlueprints/Resources/PrimalItemResource_Hide.PrimalItemResource_Hide'"""
11,Chitin,Resource,100,"""Blueprint'/Game/PrimalEarth/CoreBlueprints/Resources/PrimalItemResource_Chitin.PrimalItemResource_Chitin'"""
12,Raw Meat,Consumable,20,"""Blueprint'/Game/PrimalEarth/CoreBlueprints/Items/Consumables/PrimalItemConsumable_RawMeat.PrimalItemConsumable_RawMeat'"""
13,Spoiled Meat,Consumable,100,"""Blueprint'/Game/PrimalEarth/CoreBlueprints/Items/Consumables/PrimalItemConsumable_SpoiledMeat.PrimalItemConsumable_SpoiledMeat'"""
14,Cooked Meat,Consumable,30,"""Blueprint'/Game/PrimalEarth/CoreBlueprints/Items/Consumables/PrimalItemConsumable_CookedMeat.PrimalItemConsumable_CookedMeat'"""
15,Water Jar (Empty),Consumable,1,"""Blueprint'/Game/PrimalEarth/CoreBlueprints/Items/Consumables/PrimalItemConsumable_WaterJarCraftable.PrimalItemConsumable_WaterJarCraftable'"""
16,Water Jar (Full),Consumable,1,"""Blueprint'/Game/PrimalEarth/CoreBlueprints/Items/Consumables/PrimalItemConsumable_WaterJarRefill.PrimalItemConsumable_WaterJarRefill'"""
17,Cloth Pants,Armor,1,"""Blueprint'/Game/PrimalEarth/CoreBlueprints/Items/Armor/Cloth/PrimalItemArmor_ClothPants.PrimalItemArmor_ClothPants'"""
18,Cloth Shirt,Armor,1,"""Blueprint'/Game/PrimalEarth/CoreBlueprints/Items/Armor/Cloth/PrimalItemArmor_ClothShirt.PrimalItemArmor_ClothShirt'"""
19,Cloth Hat,Armor,1,"""Blueprint'/Game/PrimalEarth/CoreBlueprints/Items/Armor/Cloth/PrimalItemArmor_ClothHelmet.PrimalItemArmor_ClothHelmet'"""
20,Cloth Boots,Armor,1,"""Blueprint'/Game/PrimalEarth/CoreBlueprints/Items/Armor/Cloth/PrimalItemArmor_ClothBoots.PrimalItemArmor_ClothBoots'"""
21,Cloth Gloves,Armor,1,"""Blueprint'/Game/PrimalEarth/CoreBlueprints/Items/Armor/Cloth/PrimalItemArmor_ClothGloves.PrimalItemArmor_ClothGloves'"""
22,Hide Pants,Armor,1,"""Blueprint'/Game/PrimalEarth/CoreBlueprints/Items/Armor/Hide/PrimalItemArmor_HidePants.PrimalItemArmor_HidePants'"""
23,Hide Shirt,Armor,1,"""Blueprint'/Game/PrimalEarth/CoreBlueprints/Items/Armor/Hide/PrimalItemArmor_HideShirt.PrimalItemArmor_HideShirt'"""
24,Hide Hat,Armor,1,"""Blueprint'/Game/PrimalEarth/CoreBlueprints/Items/Armor/Hide/PrimalItemArmor_HideHelmet.PrimalItemArmor_HideHelmet'"""
25,Hide Boots,Armor,1,"""Blueprint'/Game/PrimalEarth/CoreBlueprints/Items/Armor/Hide/PrimalItemArmor_HideBoots.PrimalItemArmor_HideBoots'"""
26,Hide Gloves,Armor,1,"""Blueprint'/Game/PrimalEarth/CoreBlueprints/Items/Armor/Hide/PrimalItemArmor_HideGloves.PrimalItemArmor_HideGloves'"""
27,Chitin Leggings,Armor,1,"""Blueprint'/Game/PrimalEarth/CoreBlueprints/Items/Chitin/Hide/PrimalItemArmor_ChitinPants.PrimalItemArmor_ChitinPants'"""
28,Chitin Chestpiece,Armor,1,"""Blueprint'/Game/PrimalEarth/CoreBlueprints/Items/Chitin/Hide/PrimalItemArmor_ChitinShirt.PrimalItemArmor_ChitinShirt'"""
29,Chitin Helmet,Armor,1,"""Blueprint'/Game/PrimalEarth/CoreBlueprints/Items/Armor/Chitin/PrimalItemArmor_ChitinHelmet.PrimalItemArmor_ChitinHelmet'"""
30,Chitin Boots,Armor,1,"""Blueprint'/Game/PrimalEarth/CoreBlueprints/Items/Armor/Chitin/PrimalItemArmor_ChitinBoots.PrimalItemArmor_ChitinBoots'"""
31,Chitin Gauntlets,Armor,1,"""Blueprint'/Game/PrimalEarth/CoreBlueprints/Items/Armor/Chitin/PrimalItemArmor_ChitinGloves.PrimalItemArmor_ChitinGloves'"""
32,Stone Arrow,Ammunition,50,"""Blueprint'/Game/PrimalEarth/CoreBlueprints/Weapons/PrimalItemAmmo_ArrowStone.PrimalItemAmmo_ArrowStone'"""
33,Stone Pick,Tool,1,"""Blueprint'/Game/PrimalEarth/CoreBlueprints/Weapons/PrimalItem_WeaponStonePick.PrimalItem_WeaponStonePick'"""
34,Stone Hatchet,Tool,1,"""Blueprint'/Game/PrimalEarth/CoreBlueprints/Weapons/PrimalItem_WeaponStoneHatchet.PrimalItem_WeaponStoneHatchet'"""
35,Metal Pick,Tool,1,"""Blueprint'/Game/PrimalEarth/CoreBlueprints/Weapons/PrimalItem_WeaponMetalPick.PrimalItem_WeaponMetalPick'"""
36,Metal Hatchet,Tool,1,"""Blueprint'/Game/PrimalEarth/CoreBlueprints/Weapons/PrimalItem_WeaponMetalHatchet.PrimalItem_WeaponMetalHatchet'"""
37,Torch,Tool,1,"""Blueprint'/Game/PrimalEarth/CoreBlueprints/Weapons/PrimalItem_WeaponTorch.PrimalItem_WeaponMetalTorch'"""
38,Paintbrush,Tool,1,"""Blueprint'/Game/PrimalEarth/CoreBlueprints/Weapons/PrimalItem_WeaponPaintbrush.PrimalItem_WeaponPaintbrush'"""
39,Campfire,Structure,3,"""Blueprint'/Game/PrimalEarth/CoreBlueprints/Items/Structures/PrimalItemStructure_Campfire.PrimalItemStructure_Campfire'"""
40,Standing Torch,Structure,3,"""Blueprint'/Game/PrimalEarth/CoreBlueprints/Items/Structures/PrimalItemStructure_StandingTorch.PrimalItemStructure_StandingTorch'"""
41,Hide Sleeping Bag,Structure,3,"""Blueprint'/Game/PrimalEarth/CoreBlueprints/Items/Structures/PrimalItemStructure_SleepingBag_Hide.PrimalItemStructure_SleepingBag_Hide'"""
42,C4 Remote Detonator,Weapons,1,"""Blueprint'/Game/PrimalEarth/CoreBlueprints/Weapons/PrimalItem_WeaponC4.PrimalItem_WeaponC4'"""
43,C4 Charge,Ammunition,50,"""Blueprint'/Game/PrimalEarth/Test/PrimalItemC4Ammo.PrimalItemC4Ammo'"""
44,Blood Extraction Syringe,Tool,1,"""Blueprint'/Game/PrimalEarth/Test/PrimalItem_BloodExtractor.PrimalItem_BloodExtractor'"""
45,Blood Pack,Resource,100,"""Blueprint'/Game/PrimalEarth/CoreBlueprints/Items/Consumables/PrimalItemConsumable_BloodPack.PrimalItemConsumable_BloodPack'"""
46,Improvised Explosive Device,Weapons,10,"""Blueprint'/Game/PrimalEarth/CoreBlueprints/Weapons/PrimalItem_WeaponTripwireC4.PrimalItem_WeaponTripwireC4'"""
47,Waterskin (Empty),Consumable,1,"""Blueprint'/Game/PrimalEarth/CoreBlueprints/Items/Consumables/PrimalItemConsumable_WaterskinCraftable.PrimalItemConsumable_WaterskinCraftable'"""
48,Waterskin (Filled),Consumable,1,"""Blueprint'/Game/PrimalEarth/CoreBlueprints/Items/Consumables/PrimalItemConsumable_WaterskinCraftable.PrimalItemRefill_WaterskinRefill'"""
49,Berry Bush Seeds,Farming,100,
50,Fertilizer,Resource,1,"""Blueprint'/Game/PrimalEarth/CoreBlueprints/Items/Consumables/PrimalItemConsumable_Fertilizer_Compost.PrimalItemConsumable_Fertilizer_Compost'"""
51,Bingleberry Soup,Consumable,100,"""Blueprint'/Game/PrimalEarth/Test/PrimalItemConsumable_BerrySoup.PrimalItemConsumable_BerrySoup'"""
52,Medical Brew,Consumable,100,"""Blueprint'/Game/PrimalEarth/CoreBlueprints/Items/Consumables/PrimalItemConsumable_HealSoup.PrimalItemConsumable_HealSoup'"""
53,Energy Brew,Consumable,100,"""Blueprint'/Game/PrimalEarth/CoreBlueprints/Items/Consumables/PrimalItemConsumable_StaminaSoup.PrimalItemConsumable_StaminaSoup'"""
54,Small Animal Feces,Farming,1,"""Blueprint'/Game/PrimalEarth/CoreBlueprints/Items/Consumables/PrimalItemConsumable_DinoPoopSmall.PrimalItemConsumable_DinoPoopSmall'"""
55,Human Feces,Farming,1,"""Blueprint'/Game/PrimalEarth/CoreBlueprints/Items/Consumables/PrimalItemConsumable_HumanPoop.PrimalItemConsumable_HumanPoop'"""
56,Stego Egg,Egg,100,"""Blueprint'/Game/PrimalEarth/Test/PrimalItemConsumable_Egg_Stego.PrimalItemConsumable_Egg_Stego'"""
57,Spear,Weapons,1,"""Blueprint'/Game/PrimalEarth/CoreBlueprints/Weapons/PrimalItem_WeaponSpear.PrimalItem_WeaponSpear'"""
58,Red Coloring,Dye,100,"""Blueprint'/Game/PrimalEarth/CoreBlueprints/Items/PrimalEarthDye_Red.PrimalEarthDye_Red'"""
59,Green Coloring,Dye,100,"""Blueprint'/Game/PrimalEarth/CoreBlueprints/Items/PrimalEarthDye_Green.PrimalEarthDye_Green'"""
60,Blue Coloring,Dye,100,"""Blueprint'/Game/PrimalEarth/CoreBlueprints/Items/PrimalEarthDye_Blue.PrimalEarthDye_Blue'"""
61,Yellow Coloring,Dye,100,"""Blueprint'/Game/PrimalEarth/CoreBlueprints/Items/PrimalEarthDye_Yellow.PrimalEarthDye_Yellow'"""
62,Purple Coloring,Dye,100,"""Blueprint'/Game/PrimalEarth/CoreBlueprints/Items/PrimalEarthDye_Purple.PrimalEarthDye_Purple'"""
63,Orange Coloring,Dye,100,"""Blueprint'/Game/PrimalEarth/CoreBlueprints/Items/PrimalEarthDye_Orange.PrimalEarthDye_Orange'"""
64,Black Coloring,Dye,100,"""Blueprint'/Game/PrimalEarth/CoreBlueprints/Items/PrimalEarthDye_Black.PrimalEarthDye_Black'"""
65,White Coloring,Dye,100,"""Blueprint'/Game/PrimalEarth/CoreBlueprints/Items/PrimalEarthDye_White.PrimalEarthDye_White'"""
66,Brown Coloring,Dye,100,"""Blueprint'/Game/PrimalEarth/CoreBlueprints/Items/PrimalEarthDye_Brown.PrimalEarthDye_Brown'"""
67,Cyan Coloring,Dye,100,"""Blueprint'/Game/PrimalEarth/CoreBlueprints/Items/PrimalEarthDye_Cyan.PrimalEarthDye_Cyan'"""
68,Purple Coloring,Dye,100,"""Blueprint'/Game/PrimalEarth/CoreBlueprints/Items/PrimalEarthDye_Magenta.PrimalEarthDye_Magenta'"""
69,Rex Saddle,Saddle,1,"""Blueprint'/Game/PrimalEarth/CoreBlueprints/Items/Armor/Saddles/PrimalItemArmor_RexSaddle.PrimalItemArmor_RexSaddle'"""
70,Tranquilizer Arrow,Ammunition,50,"""Blueprint'/Game/PrimalEarth/CoreBlueprints/Weapons/PrimalItemAmmo_ArrowTranq.PrimalItemAmmo_ArrowTranq'"""
71,Pistol Hat Skins,Skin,1,
72,GPS,Tool,1,"""Blueprint'/Game/PrimalEarth/Test/PrimalItem_WeaponGPS.PrimalItem_WeaponGPS'"""
73,Flint,Resource,100,"""Blueprint'/Game/PrimalEarth/CoreBlueprints/Resources/PrimalItemResource_Flint.PrimalItemResource_Flint'"""
74,Metal Ingot,Resource,200,"""Blueprint'/Game/PrimalEarth/CoreBlueprints/Resources/PrimalItemResource_MetalIngot.PrimalItemResource_MetalIngot'"""
75,Thatch,Resource,100,"""Blueprint'/Game/PrimalEarth/CoreBlueprints/Resources/PrimalItemResource_Thatch.PrimalItemResource_Thatch'"""
76,Fiber,Resource,200,"""Blueprint'/Game/PrimalEarth/CoreBlueprints/Resources/PrimalItemResource_Fibers.PrimalItemResource_Fibers'"""
77,Charcoal,Resource,100,"""Blueprint'/Game/PrimalEarth/CoreBlueprints/Resources/PrimalItemResource_Charcoal.PrimalItemResource_Charcoal'"""
78,Crystal,Resource,100,"""Blueprint'/Game/PrimalEarth/CoreBlueprints/Resources/PrimalItemResource_Crystal.PrimalItemResource_Crystal'"""
79,Thatch Roof,Structure,100,"""Blueprint'/Game/PrimalEarth/CoreBlueprints/Items/Structures/Thatch/PrimalItemStructure_ThatchCeiling.PrimalItemStructure_ThatchCeiling'"""
80,Thatch Door,Structure,100,"""Blueprint'/Game/PrimalEarth/CoreBlueprints/Items/Structures/Thatch/PrimalItemStructure_ThatchDoor.PrimalItemStructure_ThatchDoor'"""
81,Thatch Foundation,Structure,100,"""Blueprint'/Game/PrimalEarth/CoreBlueprints/Items/Structures/Thatch/PrimalItemStructure_ThatchFloor.PrimalItemStructure_ThatchFloor'"""
82,Thatch Wall,Structure,100,"""Blueprint'/Game/PrimalEarth/CoreBlueprints/Items/Structures/Thatch/PrimalItemStructure_ThatchWall.PrimalItemStructure_ThatchWall'"""
83,Thatch Doorframe,Structure,100,"""Blueprint'/Game/PrimalEarth/CoreBlueprints/Items/Structures/Thatch/PrimalItemStructure_ThatchWallWithDoor.PrimalItemStructure_ThatchWallWithDoor'"""
84,Wooden Catwalk,Structure,100,"""Blueprint'/Game/PrimalEarth/CoreBlueprints/Items/Structures/Wooden/PrimalItemStructure_WoodCatwalk.PrimalItemStructure_WoodCatwalk'"""
85,Wooden Ceiling,Structure,100,"""Blueprint'/Game/PrimalEarth/CoreBlueprints/Items/Structures/Wooden/PrimalItemStructure_WoodCeiling.PrimalItemStructure_WoodCeiling'"""
86,Wooden Hatchframe,Structure,100,"""Blueprint'/Game/PrimalEarth/CoreBlueprints/Items/Structures/Wooden/PrimalItemStructure_WoodCeilingWithTrapdoor.PrimalItemStructure_WoodCeilingWithTrapdoor'"""
87,Wooden Door,Structure,100,"""Blueprint'/Game/PrimalEarth/CoreBlueprints/Items/Structures/Wooden/PrimalItemStructure_WoodDoor.PrimalItemStructure_WoodDoor'"""
88,Wooden Foundation,Structure,100,"""Blueprint'/Game/PrimalEarth/CoreBlueprints/Items/Structures/Wooden/PrimalItemStructure_WoodFloor.PrimalItemStructure_WoodFloor'"""
89,Wooden Ladder,Structure,100,"""Blueprint'/Game/PrimalEarth/CoreBlueprints/Items/Structures/Wooden/PrimalItemStructure_WoodLadder.PrimalItemStructure_WoodLadder'"""
90,Wooden Pillar,Structure,100,"""Blueprint'/Game/PrimalEarth/CoreBlueprints/Items/Structures/Wooden/PrimalItemStructure_WoodPillar.PrimalItemStructure_WoodPillar'"""
91,Wooden Ramp,Structure,100,"""Blueprint'/Game/PrimalEarth/CoreBlueprints/Items/Structures/Wooden/PrimalItemStructure_WoodRamp.PrimalItemStructure_WoodRamp'"""
92,Wooden Trapdoor,Structure,100,"""Blueprint'/Game/PrimalEarth/CoreBlueprints/Items/Structures/Wooden/PrimalItemStructure_WoodTrapdoor.PrimalItemStructure_WoodTrapdoor'"""
93,Wooden Wall,Structure,100,"""Blueprint'/Game/PrimalEarth/CoreBlueprints/Items/Structures/Wooden/PrimalItemStructure_WoodWall.PrimalItemStructure_WoodWall'"""
94,Wooden Doorframe,Structure,100,"""Blueprint'/Game/PrimalEarth/CoreBlueprints/Items/Structures/Wooden/PrimalItemStructure_WoodWallWithDoor.PrimalItemStructure_WoodWallWithDoor'"""
95,Wooden Windowframe,Structure,100,"""Blueprint'/Game/PrimalEarth/CoreBlueprints/Items/Structures/Wooden/PrimalItemStructure_WoodWallWithWindow.PrimalItemStructure_WoodWallWithWindow'"""
96,Wooden Window,Structure,100,"""Blueprint'/Game/PrimalEarth/CoreBlueprints/Items/Structures/Wooden/PrimalItemStructure_WoodWindow.PrimalItemStructure_WoodWindow'"""
97,Wooden Sign,Structure,100,"""Blueprint'/Game/PrimalEarth/CoreBlueprints/Items/Structures/Wooden/PrimalItemStructure_WoodSign.PrimalItemStructure_WoodSign'"""
98,BluePrint Note,Blueprint,1,
99,Citronal,Consumable,100,"""Blueprint'/Game/PrimalEarth/CoreBlueprints/Items/Consumables/PrimalItemConsumable_Veggie_Citronal.PrimalItemConsumable_Veggie_Citronal'"""
100,Parasaur Saddle,Saddle,1,"""Blueprint'/Game/PrimalEarth/CoreBlueprints/Items/Armor/Saddles/PrimalItemArmor_ParaSaddle.PrimalItemArmor_ParaSaddle'"""
101,Raptor Saddle,Saddle,1,"""Blueprint'/Game/PrimalEarth/CoreBlueprints/Items/Armor/Saddles/PrimalItemArmor_RaptorSaddle.PrimalItemArmor_RaptorSaddle'"""
102,Stego Saddle,Saddle,1,"""Blueprint'/Game/PrimalEarth/CoreBlueprints/Items/Armor/Saddles/PrimalItemArmor_StegoSaddle.PrimalItemArmor_StegoSaddle'"""
103,Trike Saddle,Saddle,1,"""Blueprint'/Game/PrimalEarth/CoreBlueprints/Items/Armor/Saddles/PrimalItemArmor_TrikeSaddle.PrimalItemArmor_TrikeSaddle'"""
104,Pulmonoscorpius Saddle,Saddle,1,"""Blueprint'/Game/PrimalEarth/CoreBlueprints/Items/Armor/Saddles/PrimalItemArmor_ScorpionSaddle.PrimalItemArmor_ScorpionSaddle'"""
105,Storage Box,Structure,100,"""Blueprint'/Game/PrimalEarth/CoreBlueprints/Items/Structures/Misc/PrimalItemStructure_StorageBox_Small.PrimalItemStructure_StorageBox_Small'"""
106,Large Storage Box,Structure,100,"""Blueprint'/Game/PrimalEarth/CoreBlueprints/Items/Structures/Misc/PrimalItemStructure_StorageBox_Large.PrimalItemStructure_StorageBox_Large'"""
107,Mortar And Pestle,Structure,100,"""Blueprint'/Game/PrimalEarth/CoreBlueprints/Items/Structures/Misc/PrimalItemStructure_MortarAndPestle.PrimalItemStructure_MortarAndPestle'"""
108,Sparkpowder,Resource,100,"""Blueprint'/Game/PrimalEarth/CoreBlueprints/Resources/PrimalItemResource_Sparkpowder.PrimalItemResource_Sparkpowder'"""
109,Gunpowder,Resource,100,"""Blueprint'/Game/PrimalEarth/CoreBlueprints/Resources/PrimalItemResource_Gunpowder.PrimalItemResource_Gunpowder'"""
110,Stone Irrigation Pipe - Intake,Structure,100,"""Blueprint'/Game/PrimalEarth/CoreBlueprints/Items/Structures/Pipes/PrimalItemStructure_StonePipeIntake.PrimalItemStructure_StonePipeIntake'"""
111,Stone Irrigation Pipe - Straight,Structure,100,"""Blueprint'/Game/PrimalEarth/CoreBlueprints/Items/Structures/Pipes/PrimalItemStructure_StonePipeStraight.PrimalItemStructure_StonePipeStraight'"""
112,Stone Irrigation Pipe - Inclined,Structure,100,"""Blueprint'/Game/PrimalEarth/CoreBlueprints/Items/Structures/Pipes/PrimalItemStructure_StonePipeIncline.PrimalItemStructure_StonePipeIncline'"""
113,Stone Irrigation Pipe - Intersection,Structure,100,"""Blueprint'/Game/PrimalEarth/CoreBlueprints/Items/Structures/Pipes/PrimalItemStructure_StonePipeIntersection.PrimalItemStructure_StonePipeIntersection'"""
114,Stone Irrigation Pipe - Vertical,Structure,100,"""Blueprint'/Game/PrimalEarth/CoreBlueprints/Items/Structures/Pipes/PrimalItemStructure_StonePipeVertical.PrimalItemStructure_StonePipeVertical'"""
115,Stone Irrigation Pipe - Tap,Structure,100,"""Blueprint'/Game/PrimalEarth/CoreBlueprints/Items/Structures/Pipes/PrimalItemStructure_StonePipeTap.PrimalItemStructure_StonePipeTap'"""
116,Amarberry Seed,Farming,100,"""Blueprint'/Game/PrimalEarth/CoreBlueprints/Items/Consumables/Seeds/PrimalItemConsumable_Seed_Amarberry.PrimalItemConsumable_Seed_Amarberry'"""
117,Amarberry,Consumable,100,"""Blueprint'/Game/PrimalEarth/CoreBlueprints/Items/Consumables/PrimalItemConsumable_Berry_Amarberry.PrimalItemConsumable_Berry_Amarberry'"""
118,Azulberry,Consumable,100,"""Blueprint'/Game/PrimalEarth/CoreBlueprints/Items/Consumables/PrimalItemConsumable_Berry_Azulberry.PrimalItemConsumable_Berry_Azulberry'"""
119,Tintoberry,Consumable,100,"""Blueprint'/Game/PrimalEarth/CoreBlueprints/Items/Consumables/PrimalItemConsumable_Berry_Tintoberry.PrimalItemConsumable_Berry_Tintoberry'"""
120,Mejoberry,Consumable,100,"""Blueprint'/Game/PrimalEarth/CoreBlueprints/Items/Consumables/PrimalItemConsumable_Berry_Mejoberry.PrimalItemConsumable_Berry_Mejoberry'"""
121,Narcoberry,Consumable,100,"""Blueprint'/Game/PrimalEarth/CoreBlueprints/Items/Consumables/PrimalItemConsumable_Berry_Narcoberry.PrimalItemConsumable_Berry_Narcoberry'"""
122,Stimberry,Consumable,100,"""Blueprint'/Game/PrimalEarth/CoreBlueprints/Items/Consumables/PrimalItemConsumable_Berry_Stimberry.PrimalItemConsumable_Berry_Stimberry'"""
123,Narcotic,Resource,100,"""Blueprint'/Game/PrimalEarth/CoreBlueprints/Items/Consumables/PrimalItemConsumable_Narcotic.PrimalItemConsumable_Narcotic'"""
124,Stimulant,Resource,100,"""Blueprint'/Game/PrimalEarth/CoreBlueprints/Items/Consumables/PrimalItemConsumable_Stimulant.PrimalItemConsumable_Stimulant'"""
125,Refining Forge,Structure,100,"""Blueprint'/Game/PrimalEarth/CoreBlueprints/Items/Structures/Misc/PrimalItemStructure_Forge.PrimalItemStructure_Forge'"""
126,Smithy,Structure,100,"""Blueprint'/Game/PrimalEarth/CoreBlueprints/Items/Structures/Misc/PrimalItemStructure_AnvilBench.PrimalItemStructure_AnvilBench'"""
127,Compost Bin,Structure,100,"""Blueprint'/Game/PrimalEarth/CoreBlueprints/Items/Structures/Misc/PrimalItemStructure_CompostBin.PrimalItemStructure_CompostBin'"""
128,Cooking Pot,Structure,100,"""Blueprint'/Game/PrimalEarth/CoreBlueprints/Items/Structures/Misc/PrimalItemStructure_CookingPot.PrimalItemStructure_CookingPot'"""
129,Simple Bed,Structure,3,"""Blueprint'/Game/PrimalEarth/CoreBlueprints/Items/Structures/Misc/PrimalItemStructure_Bed_Simple.PrimalItemStructure_Bed_Simple'"""
130,Small Crop Plot,Structure,100,"""Blueprint'/Game/PrimalEarth/CoreBlueprints/Items/Structures/Misc/PrimalItemStructure_CropPlot_Small.PrimalItemStructure_CropPlot_Small'"""
131,Pteranodon Saddle,Saddle,1,"""Blueprint'/Game/PrimalEarth/CoreBlueprints/Items/Armor/Saddles/PrimalItemArmor_PteroSaddle.PrimalItemArmor_PteroSaddle'"""
132,Longneck Rifle,Weapons,1,"""Blueprint'/Game/PrimalEarth/CoreBlueprints/Weapons/PrimalItem_WeaponOneShotRifle.PrimalItem_WeaponOneShotRifle'"""
133,Citronal Seeds,Farming,100,"""Blueprint'/Game/PrimalEarth/CoreBlueprints/Items/Consumables/Seeds/PrimalItemConsumable_Seed_Citronal.PrimalItemConsumable_Seed_Citronal'"""
134,Specimen Implant,Artifact,1,"""Blueprint'/Game/PrimalEarth/CoreBlueprints/Items/Notes/PrimalItem_StartingNote.PrimalItem_StartingNote'"""
135,Bronto Saddle,Saddle,1,"""Blueprint'/Game/PrimalEarth/CoreBlueprints/Items/Armor/Saddles/PrimalItemArmor_SauroSaddle.PrimalItemArmor_SauroSaddle'"""
136,Wooden Fence Foundation,Structure,100,"""Blueprint'/Game/PrimalEarth/CoreBlueprints/Items/Structures/Wooden/PrimalItemStructure_WoodFenceFoundation.PrimalItemStructure_WoodFenceFoundation'"""
137,Compass,Tool,1,"""Blueprint'/Game/PrimalEarth/Test/PrimalItem_WeaponCompass.PrimalItem_WeaponCompass'"""
138,Scope Attachment,Attachment,1,"""Blueprint'/Game/PrimalEarth/CoreBlueprints/Items/WeaponAttachments/PrimalItemWeaponAttachment_Scope.PrimalItemWeaponAttachment_Scope'"""
139,Slingshot,Weapons,1,"""Blueprint'/Game/PrimalEarth/CoreBlueprints/Weapons/PrimalItem_WeaponSlingshot.PrimalItem_WeaponSlingshot'"""
140,Pike,Weapons,1,"""Blueprint'/Game/PrimalEarth/CoreBlueprints/Weapons/PrimalItem_WeaponPike.PrimalItem_WeaponPike'"""
141,Radio,Tool,1,"""Blueprint'/Game/PrimalEarth/CoreBlueprints/Weapons/PrimalItemRadio.PrimalItemRadio'"""
142,Obsidian,Resource,100,"""Blueprint'/Game/PrimalEarth/CoreBlueprints/Resources/PrimalItemResource_Obsidian.PrimalItemResource_Obsidian'"""
143,Dinosaur Gateway,Structure,100,"""Blueprint'/Game/PrimalEarth/CoreBlueprints/Items/Structures/Wooden/PrimalItemStructure_WoodGateframe.PrimalItemStructure_WoodGateframe'"""
144,Simple Rifle Ammo,Ammunition,50,"""Blueprint'/Game/PrimalEarth/CoreBlueprints/Weapons/PrimalItemAmmo_SimpleRifleBullet.PrimalItemAmmo_SimpleRifleBullet'"""
145,Summon Broodmother,Artifact,1,"""Blueprint'/Game/PrimalEarth/CoreBlueprints/Items/Armor/Cloth/PrimalItem_BossTribute1.PrimalItem_BossTribute1'"""
146,Cementing Paste,Resource,100,"""Blueprint'/Game/PrimalEarth/CoreBlueprints/Resources/PrimalItemResource_ChitinPaste.PrimalItemResource_ChitinPaste'"""
147,Dinosaur Gate,Structure,100,"""Blueprint'/Game/PrimalEarth/CoreBlueprints/Items/Structures/Wooden/PrimalItemStructure_WoodGate.PrimalItemStructure_WoodGate'"""
148,Artifact Of The Hunter,Artifact,1,"""Blueprint'/Game/PrimalEarth/CoreBlueprints/Items/Artifacts/PrimalItemArtifact_01.PrimalItemArtifact_01'"""
149,Artifact Of The Pack,Artifact,1,"""Blueprint'/Game/PrimalEarth/CoreBlueprints/Items/Artifacts/PrimalItemArtifact_02.PrimalItemArtifact_02'"""
150,Artifact Of The Massive,Artifact,1,"""Blueprint'/Game/PrimalEarth/CoreBlueprints/Items/Artifacts/PrimalItemArtifact_03.PrimalItemArtifact_03'"""
151,Artifact Of The Devious,Artifact,1,"""Blueprint'/Game/PrimalEarth/CoreBlueprints/Items/Artifacts/PrimalItemArtifact_04.PrimalItemArtifact_04'"""
152,Artifact Of The Clever,Artifact,1,"""Blueprint'/Game/PrimalEarth/CoreBlueprints/Items/Artifacts/PrimalItemArtifact_05.PrimalItemArtifact_05'"""
153,Artifact Of The Skylord,Artifact,1,"""Blueprint'/Game/PrimalEarth/CoreBlueprints/Items/Artifacts/PrimalItemArtifact_06.PrimalItemArtifact_06'"""
154,Artifact Of The Devourer,Artifact,1,"""Blueprint'/Game/PrimalEarth/CoreBlueprints/Items/Artifacts/PrimalItemArtifact_07.PrimalItemArtifact_07'"""
155,Artifact Of The Queen,Artifact,1,"""Blueprint'/Game/PrimalEarth/CoreBlueprints/Items/Artifacts/PrimalItemArtifact_08.PrimalItemArtifact_08'"""
156,Artifact Of The Strong,Artifact,1,"""Blueprint'/Game/PrimalEarth/CoreBlueprints/Items/Artifacts/PrimalItemArtifact_09.PrimalItemArtifact_09'"""
157,Artifact Of The Flamekeeper,Artifact,1,"""Blueprint'/Game/PrimalEarth/CoreBlueprints/Items/Artifacts/PrimalItemArtifact_10.PrimalItemArtifact_10'"""
158,Argentavis Talon,Artifact,100,"""Blueprint'/Game/PrimalEarth/CoreBlueprints/Resources/PrimalItemResource_ApexDrop_Argentavis.PrimalItemResource_ApexDrop_Argentavis'"""
159,Megalodon Tooth,Artifact,100,"""Blueprint'/Game/PrimalEarth/CoreBlueprints/Resources/PrimalItemResource_ApexDrop_Megalodon.PrimalItemResource_ApexDrop_Megalodon'"""
160,Tyrannosaurus Arm,Artifact,100,"""Blueprint'/Game/PrimalEarth/CoreBlueprints/Resources/PrimalItemResource_ApexDrop_Rex.PrimalItemResource_ApexDrop_Rex'"""
161,Sauropod Vertebra,Artifact,100,"""Blueprint'/Game/PrimalEarth/CoreBlueprints/Resources/PrimalItemResource_ApexDrop_Sauro.PrimalItemResource_ApexDrop_Sauro'"""
162,Oil,Resource,100,"""Blueprint'/Game/PrimalEarth/CoreBlueprints/Resources/PrimalItemResource_Oil.PrimalItemResource_Oil'"""
163,Silica Pearls,Resource,100,"""Blueprint'/Game/PrimalEarth/CoreBlueprints/Resources/PrimalItemResource_Silicon.PrimalItemResource_Silicon'"""
164,Gasoline,Resource,100,"""Blueprint'/Game/PrimalEarth/CoreBlueprints/Resources/PrimalItemResource_Gasoline.PrimalItemResource_Gasoline'"""
165,Electronics,Resource,100,"""Blueprint'/Game/PrimalEarth/CoreBlueprints/Resources/PrimalItemResource_Electronics.PrimalItemResource_Electronics'"""
166,Polymer,Resource,100,"""Blueprint'/Game/PrimalEarth/CoreBlueprints/Resources/PrimalItemResource_Polymer.PrimalItemResource_Polymer'"""
167,Metal Catwalk,Structure,100,"""Blueprint'/Game/PrimalEarth/CoreBlueprints/Items/Structures/Metal/PrimalItemStructure_MetalCatwalk.PrimalItemStructure_MetalCatwalk'"""
168,Metal Ceiling,Structure,100,"""Blueprint'/Game/PrimalEarth/CoreBlueprints/Items/Structures/Metal/PrimalItemStructure_MetalCeiling.PrimalItemStructure_MetalCeiling'"""
169,Metal Hatchframe,Structure,100,"""Blueprint'/Game/PrimalEarth/CoreBlueprints/Items/Structures/Metal/PrimalItemStructure_MetalCeilingWithTrapdoor.PrimalItemStructure_MetalCeilingWithTrapdoor'"""
170,Metal Door,Structure,100,"""Blueprint'/Game/PrimalEarth/CoreBlueprints/Items/Structures/Metal/PrimalItemStructure_MetalDoor.PrimalItemStructure_MetalDoor'"""
171,Metal Fence Foundation,Structure,100,"""Blueprint'/Game/PrimalEarth/CoreBlueprints/Items/Structures/Metal/PrimalItemStructure_MetalFenceFoundation.PrimalItemStructure_MetalFenceFoundation'"""
172,Metal Foundation,Structure,100,"""Blueprint'/Game/PrimalEarth/CoreBlueprints/Items/Structures/Metal/PrimalItemStructure_MetalFloor.PrimalItemStructure_MetalFloor'"""
173,Behemoth Gate,Structure,100,"""Blueprint'/Game/PrimalEarth/CoreBlueprints/Items/Structures/Metal/PrimalItemStructure_MetalGate_Large.PrimalItemStructure_MetalGate_Large'"""
174,Behemoth Gateway,Structure,100,"""Blueprint'/Game/PrimalEarth/CoreBlueprints/Items/Structures/Metal/PrimalItemStructure_MetalGateframe_Large.PrimalItemStructure_MetalGateframe_Large'"""
175,Metal Ladder,Structure,100,"""Blueprint'/Game/PrimalEarth/CoreBlueprints/Items/Structures/Metal/PrimalItemStructure_MetalLadder.PrimalItemStructure_MetalLadder'"""
176,Metal Pillar,Structure,100,"""Blueprint'/Game/PrimalEarth/CoreBlueprints/Items/Structures/Metal/PrimalItemStructure_MetalPillar.PrimalItemStructure_MetalPillar'"""
177,Metal Ramp,Structure,100,"""Blueprint'/Game/PrimalEarth/CoreBlueprints/Items/Structures/Metal/PrimalItemStructure_MetalRamp.PrimalItemStructure_MetalRamp'"""
178,Metal Trapdoor,Structure,100,"""Blueprint'/Game/PrimalEarth/CoreBlueprints/Items/Structures/Metal/PrimalItemStructure_MetalTrapdoor.PrimalItemStructure_MetalTrapdoor'"""
179,Metal Wall,Structure,100,"""Blueprint'/Game/PrimalEarth/CoreBlueprints/Items/Structures/Metal/PrimalItemStructure_MetalWall.PrimalItemStructure_MetalWall'"""
180,Metal Doorframe,Structure,100,"""Blueprint'/Game/PrimalEarth/CoreBlueprints/Items/Structures/Metal/PrimalItemStructure_MetalWallWithDoor.PrimalItemStructure_MetalWallWithDoor'"""
181,Metal Windowframe,Structure,100,"""Blueprint'/Game/PrimalEarth/CoreBlueprints/Items/Structures/Metal/PrimalItemStructure_MetalWallWithWindow.PrimalItemStructure_MetalWallWithWindow'"""
182,Metal Window,Structure,100,"""Blueprint'/Game/PrimalEarth/CoreBlueprints/Items/Structures/Metal/PrimalItemStructure_MetalWindow.PrimalItemStructure_MetalWindow'"""
183,Super Test Meat(Raw),Consumable,20,"""Blueprint'/Game/PrimalEarth/CoreBlueprints/Items/Consumables/PrimalItemConsumable_SuperTestMeat.PrimalItemConsumable'"""
184,Flare Gun,Weapons,1,"""Blueprint'/Game/PrimalEarth/CoreBlueprints/Weapons/PrimalItem_WeaponFlareGun.PrimalItem_WeaponFlareGun'"""
185,Fabricator,Structure,100,"""Blueprint'/Game/PrimalEarth/CoreBlueprints/Items/Structures/Misc/PrimalItemStructure_Fabricator.PrimalItemStructure_Fabricator'"""
186,Water Tank,Structure,100,"""Blueprint'/Game/PrimalEarth/CoreBlueprints/Inventories/PrimalInventoryBP_WaterTank.PrimalInventoryBP_WaterTank'"""
187,Parachute,Armor,20,"""Blueprint'/Game/PrimalEarth/CoreBlueprints/Items/Consumables/BaseBPs/PrimalItemConsumableBuff_Parachute.PrimalItemConsumableBuff_Parachute'"""
188,Air Conditioner,Structure,100,"""Blueprint'/Game/PrimalEarth/CoreBlueprints/Items/Structures/Misc/PrimalItemStructure_AirConditioner.PrimalItemStructure_AirConditioner'"""
189,Electrical Generator,Structure,100,"""Blueprint'/Game/PrimalEarth/CoreBlueprints/Items/Structures/Pipes/PrimalItemStructure_PowerGenerator.PrimalItemStructure_PowerGenerator'"""
190,Electrical Outlet,Structure,100,"""Blueprint'/Game/PrimalEarth/CoreBlueprints/Items/Structures/Pipes/PrimalItemStructure_PowerOutlet.PrimalItemStructure_PowerOutlet'"""
191,Inclined Electrical Cable,Structure,100,"""Blueprint'/Game/PrimalEarth/CoreBlueprints/Items/Structures/Pipes/PrimalItemStructure_PowerCableIncline.PrimalItemStructure_PowerCableIncline'"""
192,Electrical Cable Intersection,Structure,100,"""Blueprint'/Game/PrimalEarth/CoreBlueprints/Items/Structures/Pipes/PrimalItemStructure_PowerCableIntersection.PrimalItemStructure_PowerCableIntersection'"""
193,Straight Electrical Cable,Structure,100,"""Blueprint'/Game/PrimalEarth/CoreBlueprints/Items/Structures/Pipes/PrimalItemStructure_PowerCableStraight.PrimalItemStructure_PowerCableStraight'"""
194,Vertical Electrical Cable,Structure,100,"""Blueprint'/Game/PrimalEarth/CoreBlueprints/Items/Structures/Pipes/PrimalItemStructure_PowerCableVertical.PrimalItemStructure_PowerCableVertical'"""
195,Lamppost,Structure,100,"""Blueprint'/Game/PrimalEarth/CoreBlueprints/Items/Structures/Misc/PrimalItemStructure_Lamppost.PrimalItemStructure_Lamppost'"""
196,Refrigerator,Structure,100,"""Blueprint'/Game/PrimalEarth/CoreBlueprints/Items/Structures/Misc/PrimalItemStructure_IceBox.PrimalItemStructure_IceBox'"""
197,Auto Turret,Structure,1,"""Blueprint'/Game/PrimalEarth/CoreBlueprints/Items/Structures/Misc/PrimalItemStructure_Turret.PrimalItemStructure_Turret'"""
198,Remote Keypad,Structure,100,"""Blueprint'/Game/PrimalEarth/CoreBlueprints/Items/Structures/Misc/PrimalItemStructure_Keypad.PrimalItemStructure_Keypad'"""
199,Metal Irrigation Pipe - Inclined,Structure,100,"""Blueprint'/Game/PrimalEarth/CoreBlueprints/Items/Structures/Pipes/PrimalItemStructure_MetalPipeIncline.PrimalItemStructure_MetalPipeIncline'"""
200,Metal Irrigation Pipe - Tap(Intake),Structure,100,"""Blueprint'/Game/PrimalEarth/CoreBlueprints/Items/Structures/Pipes/PrimalItemStructure_MetalPipeIntake.PrimalItemStructure_MetalPipeIntake'"""
201,Metal Irrigation Pipe - Intersection,Structure,100,"""Blueprint'/Game/PrimalEarth/CoreBlueprints/Items/Structures/Pipes/PrimalItemStructure_MetalPipeIntersection.PrimalItemStructure_MetalPipeIntersection'"""
202,Metal Irrigation Pipe - Straight,Structure,100,"""Blueprint'/Game/PrimalEarth/CoreBlueprints/Items/Structures/Pipes/PrimalItemStructure_MetalPipeStraight.PrimalItemStructure_MetalPipeStraight'"""
203,Metal Irrigation Pipe - Tap,Structure,100,"""Blueprint'/Game/PrimalEarth/CoreBlueprints/Items/Structures/Pipes/PrimalItemStructure_MetalPipeTap.PrimalItemStructure_MetalPipeTap'"""
204,Metal Irrigation Pipe - Vertical,Structure,100,"""Blueprint'/Game/PrimalEarth/CoreBlueprints/Items/Structures/Pipes/PrimalItemStructure_MetalPipeVertical.PrimalItemStructure_MetalPipeVertical'"""
205,Flashlight Attachment,Attachment,1,"""Blueprint'/Game/PrimalEarth/CoreBlueprints/Items/WeaponAttachments/PrimalItemWeaponAttachment_Flashlight.PrimalItemWeaponAttachment_Flashlight'"""
206,Silencer Attachment,Attachment,1,"""Blueprint'/Game/PrimalEarth/CoreBlueprints/Items/WeaponAttachments/PrimalItemWeaponAttachment_Silencer.PrimalItemWeaponAttachment_Silencer'"""
207,Carbonemys Saddle,Saddle,1,"""Blueprint'/Game/PrimalEarth/CoreBlueprints/Items/Armor/Saddles/PrimalItemArmor_TurtleSaddle.PrimalItemArmor_TurtleSaddle'"""
208,Sarco Saddle,Saddle,1,"""Blueprint'/Game/PrimalEarth/CoreBlueprints/Items/Armor/Saddles/PrimalItemArmor_SarcoSaddle.PrimalItemArmor_SarcoSaddle'"""
209,Ankylo Saddle,Saddle,1,"""Blueprint'/Game/PrimalEarth/CoreBlueprints/Items/Armor/Saddles/PrimalItemArmor_AnkyloSaddle.PrimalItemArmor_AnkyloSaddle'"""
210,Mammoth Saddle,Saddle,1,"""Blueprint'/Game/PrimalEarth/CoreBlueprints/Items/Armor/Saddles/PrimalItemArmor_MammothSaddle.PrimalItemArmor_MammothSaddle'"""
211,Megalodon Saddle,Saddle,1,"""Blueprint'/Game/PrimalEarth/CoreBlueprints/Items/Armor/Saddles/PrimalItemArmor_MegalodonSaddle.PrimalItemArmor_MegalodonSaddle'"""
212,Sabertooth Saddle,Saddle,1,"""Blueprint'/Game/PrimalEarth/CoreBlueprints/Items/Armor/Saddles/PrimalItemArmor_SaberSaddle.PrimalItemArmor_SaberSaddle'"""
213,Carno Saddle,Saddle,1,"""Blueprint'/Game/PrimalEarth/CoreBlueprints/Items/Armor/Saddles/PrimalItemArmor_CarnoSaddle.PrimalItemArmor_CarnoSaddle'"""
214,Argentavis Saddle,Saddle,1,"""Blueprint'/Game/PrimalEarth/CoreBlueprints/Items/Armor/Saddles/PrimalItemArmor_ArgentavisSaddle.PrimalItemArmor_ArgentavisSaddle'"""
216,Chitin or Keratin,Resource,100,"""Blueprint'/Game/PrimalEarth/CoreBlueprints/Resources/PrimalItemResource_ChitinOrKeratin.PrimalItemResource_ChitinOrKeratin'"""
217,Keratin,Resource,100,"""Blueprint'/Game/PrimalEarth/CoreBlueprints/Resources/PrimalItemResource_Keratin.PrimalItemResource_Keratin'"""
218,Metal Sign,Structure,100,"""Blueprint'/Game/PrimalEarth/CoreBlueprints/Items/Structures/Metal/PrimalItemStructure_MetalSign.PrimalItemStructure_MetalSign'"""
219,Holo-Scope Attachment,Attachment,1,"""Blueprint'/Game/PrimalEarth/CoreBlueprints/Items/WeaponAttachments/PrimalItemWeaponAttachment_HoloScope.PrimalItemWeaponAttachment_HoloScope'"""
220,Laser Attachment,Attachment,1,"""Blueprint'/Game/PrimalEarth/CoreBlueprints/Items/WeaponAttachments/PrimalItemWeaponAttachment_Laser.PrimalItemWeaponAttachment_Laser'"""
221,Wooden Billboard,Structure,100,"""Blueprint'/Game/PrimalEarth/CoreBlueprints/Items/Structures/Wooden/PrimalItemStructure_WoodSign_Large.PrimalItemStructure_WoodSign_Large'"""
222,Flak Leggings,Armor,1,"""Blueprint'/Game/PrimalEarth/CoreBlueprints/Items/Armor/Metal/PrimalItemArmor_MetalPants.PrimalItemArmor_MetalPants'"""
223,Flak Chestpiece,Armor,1,"""Blueprint'/Game/PrimalEarth/CoreBlueprints/Items/Armor/Metal/PrimalItemArmor_MetalShirt.PrimalItemArmor_MetalShirt'"""
224,Flak Helmet,Armor,1,"""Blueprint'/Game/PrimalEarth/CoreBlueprints/Items/Armor/Metal/PrimalItemArmor_MetalHelmet.PrimalItemArmor_MetalHelmet'"""
225,Flak Boots,Armor,1,"""Blueprint'/Game/PrimalEarth/CoreBlueprints/Items/Armor/Metal/PrimalItemArmor_MetalBoots.PrimalItemArmor_MetalBoots'"""
226,Flak Gauntlets,Armor,1,"""Blueprint'/Game/PrimalEarth/CoreBlueprints/Items/Armor/Metal/PrimalItemArmor_MetalGloves.PrimalItemArmor_MetalGloves'"""
227,Enduro Stew,Consumable,100,"""Blueprint'/Game/PrimalEarth/CoreBlueprints/Items/Consumables/PrimalItemConsumable_Soup_EnduroStew.PrimalItemConsumable_Soup_EnduroStew'"""
228,Lazarus Chowder,Consumable,100,"""Blueprint'/Game/PrimalEarth/CoreBlueprints/Items/Consumables/PrimalItemConsumable_Soup_LazarusChowder.PrimalItemConsumable_Soup_LazarusChowder'"""
229,Calien Soup,Consumable,100,"""Blueprint'/Game/PrimalEarth/CoreBlueprints/Items/Consumables/PrimalItemConsumable_Soup_CalienSoup.PrimalItemConsumable_Soup_CalienSoup'"""
230,Fria Curry,Consumable,100,"""Blueprint'/Game/PrimalEarth/CoreBlueprints/Items/Consumables/PrimalItemConsumable_Soup_FriaCurry.PrimalItemConsumable_Soup_FriaCurry'"""
231,Focal Chili,Consumable,100,"""Blueprint'/Game/PrimalEarth/CoreBlueprints/Items/Consumables/PrimalItemConsumable_Soup_FocalChili.PrimalItemConsumable_Soup_FocalChili'"""
232,Savoroot,Consumable,100,"""Blueprint'/Game/PrimalEarth/CoreBlueprints/Items/Consumables/PrimalItemConsumable_Veggie_Savoroot.PrimalItemConsumable_Veggie_Savoroot'"""
233,Longrass,Consumable,100,"""Blueprint'/Game/PrimalEarth/CoreBlueprints/Items/Consumables/PrimalItemConsumable_Veggie_Longrass.PrimalItemConsumable_Veggie_Longrass'"""
234,Rockarrot,Consumable,100,"""Blueprint'/Game/PrimalEarth/CoreBlueprints/Items/Consumables/PrimalItemConsumable_Veggie_Rockarrot.PrimalItemConsumable_Veggie_Rockarrot'"""
235,Azulberry Seed,Seed,100,"""Blueprint'/Game/PrimalEarth/CoreBlueprints/Items/Consumables/Seeds/PrimalItemConsumable_Seed_Azulberry.PrimalItemConsumable_Seed_Azulberry'"""
236,Tintoberry Seed,Seed,100,"""Blueprint'/Game/PrimalEarth/CoreBlueprints/Items/Consumables/Seeds/PrimalItemConsumable_Seed_Tintoberry.PrimalItemConsumable_Seed_Tintoberry'"""
237,Mejoberry Seed,Seed,100,"""Blueprint'/Game/PrimalEarth/CoreBlueprints/Items/Consumables/Seeds/PrimalItemConsumable_Seed_Mejoberry.PrimalItemConsumable_Seed_Mejoberry'"""
238,Narcoberry Seed,Seed,100,"""Blueprint'/Game/PrimalEarth/CoreBlueprints/Items/Consumables/Seeds/PrimalItemConsumable_Seed_Narcoberry.PrimalItemConsumable_Seed_Narcoberry'"""
239,Stimberry Seed,Seed,100,"""Blueprint'/Game/PrimalEarth/CoreBlueprints/Items/Consumables/Seeds/PrimalItemConsumable_Seed_Stimberry.PrimalItemConsumable_Seed_Stimberry'"""
240,Savoroot Seed,Seed,100,"""Blueprint'/Game/PrimalEarth/CoreBlueprints/Items/Consumables/Seeds/PrimalItemConsumable_Seed_Savoroot.PrimalItemConsumable_Seed_Savoroot'"""
241,Longrass Seed,Seed,100,"""Blueprint'/Game/PrimalEarth/CoreBlueprints/Items/Consumables/Seeds/PrimalItemConsumable_Seed_Longrass.PrimalItemConsumable_Seed_Longrass'"""
242,Rockarrot Seed,Seed,100,"""Blueprint'/Game/PrimalEarth/CoreBlueprints/Items/Consumables/Seeds/PrimalItemConsumable_Seed_Rockarrot.PrimalItemConsumable_Seed_Rockarrot'"""
243,Metal Billboard,Structure,100,"""Blueprint'/Game/PrimalEarth/CoreBlueprints/Items/Structures/Metal/PrimalItemStructure_MetalSign_Large.PrimalItemStructure_MetalSign_Large'"""
244,Fabricated Pistol,Weapons,1,"""Blueprint'/Game/PrimalEarth/CoreBlueprints/Weapons/PrimalItem_WeaponMachinedPistol.PrimalItem_WeaponMachinedPistol'"""
245,Advanced Bullet,Ammunition,50,"""Blueprint'/Game/PrimalEarth/CoreBlueprints/Weapons/PrimalItemAmmo_AdvancedBullet.PrimalItemAmmo_AdvancedBullet'"""
246,Advanced Rifle Bullet,Ammunition,50,"""Blueprint'/Game/PrimalEarth/CoreBlueprints/Weapons/PrimalItemAmmo_AdvancedRifleBullet.PrimalItemAmmo_AdvancedRifleBullet'"""
247,Rocket Propelled Grenade,Ammunition,50,"""Blueprint'/Game/PrimalEarth/CoreBlueprints/Weapons/PrimalItemAmmo_Rocket.PrimalItemAmmo_Rocket'"""
248,Medium Crop Plot,Structure,100,"""Blueprint'/Game/PrimalEarth/CoreBlueprints/Items/Structures/Misc/PrimalItemStructure_CropPlot_Medium.PrimalItemStructure_CropPlot_Medium'"""
249,Large Crop Plot,Structure,100,"""Blueprint'/Game/PrimalEarth/CoreBlueprints/Items/Structures/Misc/PrimalItemStructure_CropPlot_Large.PrimalItemStructure_CropPlot_Large'"""
250,Rare Flower,Resource,100,"""Blueprint'/Game/PrimalEarth/CoreBlueprints/Resources/PrimalItemResource_RareFlower.PrimalItemResource_RareFlower'"""
251,Rare Mushroom,Resource,100,"""Blueprint'/Game/PrimalEarth/CoreBlueprints/Resources/PrimalItemResource_RareMushroom.PrimalItemResource_RareMushroom'"""
252,Raw Prime Meat,Consumable,1,"""Blueprint'/Game/PrimalEarth/CoreBlueprints/Items/Consumables/PrimalItemConsumable_RawPrimeMeat.PrimalItemConsumable_RawPrimeMeat'"""
253,Cooked Prime Meat,Consumable,30,"""Blueprint'/Game/PrimalEarth/CoreBlueprints/Items/Consumables/PrimalItemConsumable_CookedPrimeMeat.PrimalItemConsumable_CookedPrimeMeat'"""
254,Battle Tartare,Consumable,100,"""Blueprint'/Game/PrimalEarth/CoreBlueprints/Items/Consumables/PrimalItemConsumable_Soup_BattleTartare.PrimalItemConsumable_Soup_BattleTartare'"""
255,Shadow Steak Saute,Consumable,100,"""Blueprint'/Game/PrimalEarth/CoreBlueprints/Items/Consumables/PrimalItemConsumable_Soup_ShadowSteak.PrimalItemConsumable_Soup_ShadowSteak'"""
256,Rockwell Recipes- Enduro Stew,Recipe,1,"""Blueprint'/Game/PrimalEarth/CoreBlueprints/Items/Notes/PrimalItem_RecipeNote_EnduroStew.PrimalItem_RecipeNote_EnduroStew'"""
257,Rockwell Recipes- Lazarus Chowder,Recipe,1,"""Blueprint'/Game/PrimalEarth/CoreBlueprints/Items/Notes/PrimalItem_RecipeNote_LazarusChowder.PrimalItem_RecipeNote_LazarusChowder'"""
258,Rockwell Recipes- Calien Soup,Recipe,1,"""Blueprint'/Game/PrimalEarth/CoreBlueprints/Items/Notes/PrimalItem_RecipeNote_CalienSoup.PrimalItem_RecipeNote_CalienSoup'"""
259,Rockwell Recipes- Fria Curry,Recipe,1,"""Blueprint'/Game/PrimalEarth/CoreBlueprints/Items/Notes/PrimalItem_RecipeNote_FriaCurry.PrimalItem_RecipeNote_FriaCurry'"""
260,Rockwell Recipes- Focal Chili,Recipe,1,"""Blueprint'/Game/PrimalEarth/CoreBlueprints/Items/Notes/PrimalItem_RecipeNote_FocalChili.PrimalItem_RecipeNote_FocalChili'"""
261,Rockwell Recipes- Battle Tartare,Recipe,1,"""Blueprint'/Game/PrimalEarth/CoreBlueprints/Items/Notes/PrimalItem_RecipeNote_BattleTartare.PrimalItem_RecipeNote_BattleTartare'"""
262,Rockwell Recipes- Shadow Steak Saute,Recipe,1,"""Blueprint'/Game/PrimalEarth/CoreBlueprints/Items/Notes/PrimalItem_RecipeNote_ShadowSteak.PrimalItem_RecipeNote_ShadowSteak'"""
263,Notes on Rockwell Recipes,Recipe,1,"""Blueprint'/Game/PrimalEarth/CoreBlueprints/Items/Notes/PrimalItem_RecipeNote_Measurements.PrimalItem_RecipeNote_Measurements'"""
264,Wooden Wall Sign,Structure,100,"""Blueprint'/Game/PrimalEarth/CoreBlueprints/Items/Structures/Wooden/PrimalItemStructure_WoodSign_Wall.PrimalItemStructure_WoodSign_Wall'"""
265,Metal Dinosaur Gateway,Structure,100,"""Blueprint'/Game/PrimalEarth/CoreBlueprints/Items/Structures/Metal/PrimalItemStructure_MetalGateframe.PrimalItemStructure_MetalGateframe'"""
266,Metal Dinosaur Gate,Structure,100,"""Blueprint'/Game/PrimalEarth/CoreBlueprints/Items/Structures/Metal/PrimalItemStructure_MetalGate.PrimalItemStructure_MetalGate'"""
267,Shotgun,Weapons,1,"""Blueprint'/Game/PrimalEarth/CoreBlueprints/Weapons/PrimalItem_WeaponShotgun.PrimalItem_WeaponShotgun'"""
268,Simple Shotgun Ammo,Ammunition,50,"""Blueprint'/Game/PrimalEarth/CoreBlueprints/Weapons/PrimalItemAmmo_SimpleShotgunBullet.PrimalItemAmmo_SimpleShotgunBullet'"""
269,Metal Wall Sign,Structure,100,"""Blueprint'/Game/PrimalEarth/CoreBlueprints/Items/Structures/Metal/PrimalItemStructure_MetalSign_Wall.PrimalItemStructure_MetalSign_Wall'"""
270,Amarberry Seed,Farming,100,"""Blueprint'/Game/PrimalEarth/CoreBlueprints/Items/Consumables/Seeds/PrimalItemConsumable_Seed_Amarberry.PrimalItemConsumable_Seed_Amarberry'"""
271,Azulberry Seed,Farming,100,"""Blueprint'/Game/PrimalEarth/CoreBlueprints/Items/Consumables/Seeds/PrimalItemConsumable_Seed_Azulberry.PrimalItemConsumable_Seed_Azulberry'"""
272,Tintoberry Seed,Farming,100,"""Blueprint'/Game/PrimalEarth/CoreBlueprints/Items/Consumables/Seeds/PrimalItemConsumable_Seed_Tintoberry.PrimalItemConsumable_Seed_Tintoberry'"""
273,Narcoberry Seed,Farming,100,"""Blueprint'/Game/PrimalEarth/CoreBlueprints/Items/Consumables/Seeds/PrimalItemConsumable_Seed_Narcoberry.PrimalItemConsumable_Seed_Narcoberry'"""
274,Stimberry Seed,Farming,100,"""Blueprint'/Game/PrimalEarth/CoreBlueprints/Items/Consumables/Seeds/PrimalItemConsumable_Seed_Stimberry.PrimalItemConsumable_Seed_Stimberry'"""
275,Mejoberry Seed,Farming,100,"""Blueprint'/Game/PrimalEarth/CoreBlueprints/Items/Consumables/Seeds/PrimalItemConsumable_Seed_Mejoberry.PrimalItemConsumable_Seed_Mejoberry'"""
276,Citronal Seed,Farming,100,"""Blueprint'/Game/PrimalEarth/CoreBlueprints/Items/Consumables/Seeds/PrimalItemConsumable_Seed_Citronal.PrimalItemConsumable_Seed_Citronal'"""
277,Savoroot Seed,Farming,100,"""Blueprint'/Game/PrimalEarth/CoreBlueprints/Items/Consumables/Seeds/PrimalItemConsumable_Seed_Savoroot.PrimalItemConsumable_Seed_Savoroot'"""
278,Longrass Seed,Farming,100,"""Blueprint'/Game/PrimalEarth/CoreBlueprints/Items/Consumables/Seeds/PrimalItemConsumable_Seed_Longrass.PrimalItemConsumable_Seed_Longrass'"""
279,Rockarrot Seed,Farming,100,"""Blueprint'/Game/PrimalEarth/CoreBlueprints/Items/Consumables/Seeds/PrimalItemConsumable_Seed_Rockarrot.PrimalItemConsumable_Seed_Rockarrot'"""
280,Multi-Panel Flag,Structure,100,"""Blueprint'/Game/PrimalEarth/CoreBlueprints/Items/Structures/Misc/PrimalItemStructure_Flag.PrimalItemStructure_Flag'"""
281,Hunter Hat Skin,Skin,1,
282,Rex Stomped Glasses Saddle Skin,Skin,1,"""Blueprint'/Game/PrimalEarth/CoreBlueprints/Items/Armor/Saddles/PrimalItemArmor_RexSaddle_StompedGlasses.PrimalItemArmor_RexSaddle_StompedGlasses'"""
283,Spyglass,Tool,1,"""Blueprint'/Game/PrimalEarth/Test/PrimalItem_WeaponSpyglass.PrimalItem_WeaponSpyglass'"""
284,Spider Flag,Structure,100,"""Blueprint'/Game/PrimalEarth/CoreBlueprints/Items/Structures/Misc/PrimalItemStructure_Flag_Spider.PrimalItemStructure_Flag_Spider'"""
285,Phiomia Saddle,Saddle,1,"""Blueprint'/Game/PrimalEarth/CoreBlueprints/Items/Armor/Saddles/PrimalItemArmor_PhiomiaSaddle.PrimalItemArmor_PhiomiaSaddle'"""
286,Medium Animal Feces,Farming,1,"""Blueprint'/Game/PrimalEarth/CoreBlueprints/Items/Consumables/PrimalItemConsumable_DinoPoopMedium.PrimalItemConsumable_DinoPoopMedium'"""
287,Large Animal Feces,Farming,1,"""Blueprint'/Game/PrimalEarth/CoreBlueprints/Items/Consumables/PrimalItemConsumable_DinoPoopLarge.PrimalItemConsumable_DinoPoopLarge'"""
288,Bronto Egg,Egg,100,"""Blueprint'/Game/PrimalEarth/Test/PrimalItemConsumable_Egg_Bronto.PrimalItemConsumable_Egg_Bronto'"""
289,Parasaur Egg,Egg,100,"""Blueprint'/Game/PrimalEarth/Test/PrimalItemConsumable_Egg_Para.PrimalItemConsumable_Egg_Para'"""
290,Raptor Egg,Egg,100,"""Blueprint'/Game/PrimalEarth/Test/PrimalItemConsumable_Egg_Raptor.PrimalItemConsumable_Egg_Raptor'"""
291,Rex Egg,Egg,100,"""Blueprint'/Game/PrimalEarth/Test/PrimalItemConsumable_Egg_Rex.PrimalItemConsumable_Egg_Rex'"""
292,Trike Egg,Egg,100,"""Blueprint'/Game/PrimalEarth/Test/PrimalItemConsumable_Egg_Trike.PrimalItemConsumable_Egg_Trike'"""
293,Parasaur ARK Founder Saddle Skin,Skin,1,
294,Dodo Egg,Egg,100,"""Blueprint'/Game/PrimalEarth/Test/PrimalItemConsumable_Egg_Dodo.PrimalItemConsumable_Egg_Dodo'"""
295,Preserving Bin,Structure,100,"""Blueprint'/Game/PrimalEarth/CoreBlueprints/Items/Structures/Misc/PrimalItemStructure_PreservingBin.PrimalItemStructure_PreservingBin'"""
296,Metal Spike Wall,Structure,100,"""Blueprint'/Game/PrimalEarth/CoreBlueprints/Items/Structures/Metal/PrimalItemStructure_MetalSpikeWall.PrimalItemStructure_MetalSpikeWall'"""
297,Cooked Meat Jerky,Consumable,30,"""Blueprint'/Game/PrimalEarth/CoreBlueprints/Items/Consumables/PrimalItemConsumable_CookedMeat_Jerky.PrimalItemConsumable_CookedMeat_Jerky'"""
298,Prime Meat Jerky,Consumable,30,"""Blueprint'/Game/PrimalEarth/CoreBlueprints/Items/Consumables/PrimalItemConsumable_CookedPrimeMeat_Jerky.PrimalItemConsumable_CookedPrimeMeat_Jerky'"""
299,Rex Bone Helmet,Skin,1,"""Blueprint'/Game/PrimalEarth/CoreBlueprints/Items/Armor/Leather/PrimalItemSkin_BoneHelmet.PrimalItemSkin_BoneHelmet'"""
300,Nerdry Glasses,Skin,1,"""Blueprint'/Game/PrimalEarth/CoreBlueprints/Items/Armor/Leather/PrimalItemSkin_Glasses.PrimalItemSkin_Glasses'"""
301,Rockwell Recipes- Medical Brew,Recipe,1,"""Blueprint'/Game/PrimalEarth/CoreBlueprints/Items/Notes/PrimalItem_RecipeNote_HealSoup.PrimalItem_RecipeNote_HealSoup'"""
302,Rockwell Recipes- Energy Brew,Recipe,1,"""Blueprint'/Game/PrimalEarth/CoreBlueprints/Items/Notes/PrimalItem_RecipeNote_StaminaSoup.PrimalItem_RecipeNote_StaminaSoup'"""
303,Spino Saddle,Saddle,1,"""Blueprint'/Game/PrimalEarth/CoreBlueprints/Items/Armor/Saddles/PrimalItemArmor_SpinoSaddle.PrimalItemArmor_SpinoSaddle'"""
304,Rockwell Recipes- Meat Jerky,Recipe,1,"""Blueprint'/Game/PrimalEarth/CoreBlueprints/Items/Notes/PrimalItem_RecipeNote_Jerky.PrimalItem_RecipeNote_Jerky'"""
305,Heavy Miner's Helmet,Armor,100,"""Blueprint'/Game/PrimalEarth/CoreBlueprints/Items/Armor/Metal/PrimalItemArmor_MinersHelmet.PrimalItemArmor_MinersHelmet'"""
306,Vault,Structure,100,"""Blueprint'/Game/PrimalEarth/CoreBlueprints/Items/Structures/Misc/PrimalItemStructure_StorageBox_Huge.PrimalItemStructure_StorageBox_Huge'"""
307,Wooden Spike Wall,Structure,100,"""Blueprint'/Game/PrimalEarth/CoreBlueprints/Items/Structures/Wooden/PrimalItemStructure_WoodSpikeWall.PrimalItemStructure_WoodSpikeWall'"""
308,Dino Glasses,Skin,1,"""Blueprint'/Game/PrimalEarth/CoreBlueprints/Items/Armor/Leather/PrimalItemSkin_DinoSpecs.PrimalItemSkin_DinoSpecs'"""
309,Bookshelf,Structure,100,"""Blueprint'/Game/PrimalEarth/CoreBlueprints/Items/Structures/Misc/PrimalItemStructure_Bookshelf.PrimalItemStructure_Bookshelf'"""
310,Stone Fence Foundation,Structure,100,"""Blueprint'/Game/PrimalEarth/CoreBlueprints/Items/Structures/Stone/PrimalItemStructure_StoneFenceFoundation.PrimalItemStructure_StoneFenceFoundation'"""
311,Stone Wall,Structure,100,"""Blueprint'/Game/PrimalEarth/CoreBlueprints/Items/Structures/Stone/PrimalItemStructure_StoneWall.PrimalItemStructure_StoneWall'"""
312,Metal Water Reservoir,Structure,100,
313,Plesiosaur Saddle,Saddle,1,"""Blueprint'/Game/PrimalEarth/CoreBlueprints/Items/Armor/Saddles/PrimalItemArmor_PlesiaSaddle.PrimalItemArmor_PlesiaSaddle'"""
314,Ichthyosaurus Saddle,Saddle,1,"""Blueprint'/Game/PrimalEarth/CoreBlueprints/Items/Armor/Saddles/PrimalItemArmor_DolphinSaddle.PrimalItemArmor_DolphinSaddle'"""
315,Stone Ceiling,Structure,100,"""Blueprint'/Game/PrimalEarth/CoreBlueprints/Items/Structures/Stone/PrimalItemStructure_StoneCeiling.PrimalItemStructure_StoneCeiling'"""
316,Stone Hatchframe,Structure,100,"""Blueprint'/Game/PrimalEarth/CoreBlueprints/Items/Structures/Stone/PrimalItemStructure_StoneCeilingWithTrapdoor.PrimalItemStructure_StoneCeilingWithTrapdoor'"""
317,Reinforced Wooden Door,Structure,100,"""Blueprint'/Game/PrimalEarth/CoreBlueprints/Items/Structures/Stone/PrimalItemStructure_StoneDoor.PrimalItemStructure_StoneDoor'"""
318,Stone Foundation,Structure,100,"""Blueprint'/Game/PrimalEarth/CoreBlueprints/Items/Structures/Stone/PrimalItemStructure_StoneFloor.PrimalItemStructure_StoneFloor'"""
319,Reinforced Dinosaur Gate,Structure,100,"""Blueprint'/Game/PrimalEarth/CoreBlueprints/Items/Structures/Stone/PrimalItemStructure_StoneGate.PrimalItemStructure_StoneGate'"""
320,Stone Dinosaur Gateway,Structure,100,"""Blueprint'/Game/PrimalEarth/CoreBlueprints/Items/Structures/Stone/PrimalItemStructure_StoneGateframe.PrimalItemStructure_StoneGateframe'"""
321,Stone Pillar,Structure,100,"""Blueprint'/Game/PrimalEarth/CoreBlueprints/Items/Structures/Stone/PrimalItemStructure_StonePillar.PrimalItemStructure_StonePillar'"""
322,Stone Doorframe,Structure,100,"""Blueprint'/Game/PrimalEarth/CoreBlueprints/Items/Structures/Stone/PrimalItemStructure_StoneWallWithDoor.PrimalItemStructure_StoneWallWithDoor'"""
323,Stone Windowframe,Structure,100,"""Blueprint'/Game/PrimalEarth/CoreBlueprints/Items/Structures/Stone/PrimalItemStructure_StoneWallWithWindow.PrimalItemStructure_StoneWallWithWindow'"""
324,Fireworks Flaregun Skin,Skin,1,
325,Tripwire Narcotic Trap,Weapons,10,"""Blueprint'/Game/PrimalEarth/CoreBlueprints/Weapons/PrimalItem_WeaponPoisonTrap.PrimalItem_WeaponPoisonTrap'"""
326,Tripwire Alarm Trap,Weapons,10,"""Blueprint'/Game/PrimalEarth/CoreBlueprints/Weapons/PrimalItem_WeaponAlarmTrap.PrimalItem_WeaponAlarmTrap'"""
327,Kibble (Ankylo Egg),Consumable,100,"""Blueprint'/Game/PrimalEarth/CoreBlueprints/Items/Consumables/PrimalItemConsumable_Kibble_AnkyloEgg.PrimalItemConsumable_Kibble_AnkyloEgg'"""
328,Kibble (Argentavis Egg),Consumable,100,"""Blueprint'/Game/PrimalEarth/CoreBlueprints/Items/Consumables/PrimalItemConsumable_Kibble_ArgentEgg.PrimalItemConsumable_Kibble_ArgentEgg'"""
329,Kibble (Titanoboa Egg),Consumable,100,
330,Kibble (Carno Egg),Consumable,100,"""Blueprint'/Game/PrimalEarth/CoreBlueprints/Items/Consumables/PrimalItemConsumable_Kibble_CarnoEgg.PrimalItemConsumable_Kibble_CarnoEgg'"""
331,Kibble (Dilo Egg),Consumable,100,"""Blueprint'/Game/PrimalEarth/CoreBlueprints/Items/Consumables/PrimalItemConsumable_Kibble_DiloEgg.PrimalItemConsumable_Kibble_DiloEgg'"""
332,Kibble (Dodo Egg),Consumable,100,"""Blueprint'/Game/PrimalEarth/CoreBlueprints/Items/Consumables/PrimalItemConsumable_Kibble_DodoEgg.PrimalItemConsumable_Kibble_DodoEgg'"""
333,Kibble (Parasaur Egg),Consumable,100,"""Blueprint'/Game/PrimalEarth/CoreBlueprints/Items/Consumables/PrimalItemConsumable_Kibble_ParaEgg.PrimalItemConsumable_Kibble_ParaEgg'"""
334,Kibble (Pteranodon Egg),Consumable,100,"""Blueprint'/Game/PrimalEarth/CoreBlueprints/Items/Consumables/PrimalItemConsumable_Kibble_PteroEgg.PrimalItemConsumable_Kibble_PteroEgg'"""
335,Kibble (Raptor Egg),Consumable,100,"""Blueprint'/Game/PrimalEarth/CoreBlueprints/Items/Consumables/PrimalItemConsumable_Kibble_RaptorEgg.PrimalItemConsumable_Kibble_RaptorEgg'"""
336,Kibble (Rex Egg),Consumable,100,"""Blueprint'/Game/PrimalEarth/CoreBlueprints/Items/Consumables/PrimalItemConsumable_Kibble_RexEgg.PrimalItemConsumable_Kibble_RexEgg'"""
337,Kibble (Sarco Egg),Consumable,100,"""Blueprint'/Game/PrimalEarth/CoreBlueprints/Items/Consumables/PrimalItemConsumable_Kibble_SarcoEgg.PrimalItemConsumable_Kibble_SarcoEgg'"""
338,Kibble (Bronto Egg),Consumable,100,"""Blueprint'/Game/PrimalEarth/CoreBlueprints/Items/Consumables/PrimalItemConsumable_Kibble_SauroEgg.PrimalItemConsumable_Kibble_SauroEgg'"""
339,Kibble (Pulmonoscorpius Egg),Consumable,100,
340,Kibble (Araneo Egg),Consumable,100,"""Blueprint'/Game/PrimalEarth/CoreBlueprints/Items/Consumables/PrimalItemConsumable_Kibble_SpiderEgg.PrimalItemConsumable_Kibble_SpiderEgg'"""
341,Kibble (Spino Egg),Consumable,100,"""Blueprint'/Game/PrimalEarth/CoreBlueprints/Items/Consumables/PrimalItemConsumable_Kibble_SpinoEgg.PrimalItemConsumable_Kibble_SpinoEgg'"""
342,Kibble (Stego Egg),Consumable,100,"""Blueprint'/Game/PrimalEarth/CoreBlueprints/Items/Consumables/PrimalItemConsumable_Kibble_StegoEgg.PrimalItemConsumable_Kibble_StegoEgg'"""
343,Kibble (Trike Egg),Consumable,100,"""Blueprint'/Game/PrimalEarth/CoreBlueprints/Items/Consumables/PrimalItemConsumable_Kibble_TrikeEgg.PrimalItemConsumable_Kibble_TrikeEgg'"""
344,Kibble (Carbonemys Egg),Consumable,100,"""Blueprint'/Game/PrimalEarth/CoreBlueprints/Items/Consumables/PrimalItemConsumable_Kibble_TurtleEgg.PrimalItemConsumable_Kibble_TurtleEgg'"""
345,Ankylo Egg,Egg,100,"""Blueprint'/Game/PrimalEarth/Test/PrimalItemConsumable_Egg_Ankylo.PrimalItemConsumable_Egg_Ankylo'"""
346,Argentavis Egg,Egg,100,"""Blueprint'/Game/PrimalEarth/Test/PrimalItemConsumable_Egg_Argent.PrimalItemConsumable_Egg_Argent'"""
347,Titanoboa Egg,Egg,100,
348,Carno Egg,Egg,100,"""Blueprint'/Game/PrimalEarth/Test/PrimalItemConsumable_Egg_Carno.PrimalItemConsumable_Egg_Carno'"""
349,Dilo Egg,Egg,100,"""Blueprint'/Game/PrimalEarth/Test/PrimalItemConsumable_Egg_Dilo.PrimalItemConsumable_Egg_Dilo'"""
350,Pteranodon Egg,Egg,100,"""Blueprint'/Game/PrimalEarth/Test/PrimalItemConsumable_Egg_Ptero.PrimalItemConsumable_Egg_Ptero'"""
351,Sarco Egg,Egg,100,"""Blueprint'/Game/PrimalEarth/Test/PrimalItemConsumable_Egg_Sarco.PrimalItemConsumable_Egg_Sarco'"""
352,Pulmonoscorpius Egg,Egg,100,
353,Araneo Egg,Egg,100,"""Blueprint'/Game/PrimalEarth/Test/PrimalItemConsumable_Egg_Spider.PrimalItemConsumable_Egg_Spider'"""
354,Spino Egg,Egg,100,"""Blueprint'/Game/PrimalEarth/Test/PrimalItemConsumable_Egg_Spino.PrimalItemConsumable_Egg_Spino'"""
355,Turtle Egg,Egg,100,"""Blueprint'/Game/PrimalEarth/Test/PrimalItemConsumable_Egg_Turtle.PrimalItemConsumable_Egg_Turtle'"""
356,Rockwell Recipes- Egg-based Kibble,Recipe,1,"""Blueprint'/Game/PrimalEarth/CoreBlueprints/Items/Notes/PrimalItem_RecipeNote_Kibble.PrimalItem_RecipeNote_Kibble'"""
357,Reinforced Window,Structure,100,"""Blueprint'/Game/PrimalEarth/CoreBlueprints/Items/Structures/Wooden/PrimalItemStructure_StoneWindow.PrimalItemStructure_StoneWindow'"""
358,Reinforced Trapdoor,Structure,100,"""Blueprint'/Game/PrimalEarth/CoreBlueprints/Items/Structures/Wooden/PrimalItemStructure_StoneTrapdoor.PrimalItemStructure_StoneTrapdoor'"""
359,Omnidirectional lamppost,Structure,100,
360,Industrial Grill,Structure,3,"""Blueprint'/Game/PrimalEarth/CoreBlueprints/Items/Structures/Misc/PrimalItemStructure_Grill.PrimalItemStructure_Grill'"""
361,Pump-Action Shotgun,Weapons,1,"""Blueprint'/Game/PrimalEarth/CoreBlueprints/Weapons/PrimalItem_WeaponMachinedShotgun.PrimalItem_WeaponMachinedShotgun'"""
362,Crossbow,Weapons,1,"""Blueprint'/Game/PrimalEarth/CoreBlueprints/Weapons/PrimalItem_WeaponCrossbow.PrimalItem_WeaponCrossbow'"""
363,Forest Coloring,Dye,100,"""Blueprint'/Game/PrimalEarth/CoreBlueprints/Items/PrimalEarthDye_Forest.PrimalEarthDye_Forest'"""
364,Parchment Coloring,Dye,100,"""Blueprint'/Game/PrimalEarth/CoreBlueprints/Items/PrimalEarthDye_Parchment.PrimalEarthDye_Parchment'"""
365,Pink Coloring,Dye,100,"""Blueprint'/Game/PrimalEarth/CoreBlueprints/Items/PrimalEarthDye_Pink.PrimalEarthDye_Pink'"""
366,Royalty Coloring,Dye,100,"""Blueprint'/Game/PrimalEarth/CoreBlueprints/Items/PrimalEarthDye_Royalty.PrimalEarthDye_Royalty'"""
367,Silver Coloring,Dye,100,"""Blueprint'/Game/PrimalEarth/CoreBlueprints/Items/PrimalEarthDye_Silver.PrimalEarthDye_Silver'"""
368,Sky Coloring,Dye,100,"""Blueprint'/Game/PrimalEarth/CoreBlueprints/Items/PrimalEarthDye_Sky.PrimalEarthDye_Sky'"""
369,Tan Coloring,Dye,100,"""Blueprint'/Game/PrimalEarth/CoreBlueprints/Items/PrimalEarthDye_Tan.PrimalEarthDye_Tan'"""
370,Tangerine Coloring,Dye,100,"""Blueprint'/Game/PrimalEarth/CoreBlueprints/Items/PrimalEarthDye_Tangerine.PrimalEarthDye_Tangerine'"""
371,Rockwell Recipes- Decorative Coloring,Recipe,100,
372,Transponder Tracker,Weapons,1,"""Blueprint'/Game/PrimalEarth/CoreBlueprints/Weapons/PrimalItem_WeaponTransGPS.PrimalItem_WeaponTransGPS'"""
373,Transponder Node,Ammunition,50,"""Blueprint'/Game/PrimalEarth/Test/PrimalItemTransGPSAmmo.PrimalItemTransGPSAmmo'"""
374,Single Panel Flag,Structure,100,"""Blueprint'/Game/PrimalEarth/CoreBlueprints/Items/Structures/Misc/PrimalItemStructure_Flag_Single.PrimalItemStructure_Flag_Single'"""
375,Feeding Trough,Structure,100,"""Blueprint'/Game/PrimalEarth/CoreBlueprints/Items/Structures/Misc/PrimalItemStructure_FeedingTrough.PrimalItemStructure_FeedingTrough'"""
376,Compound Bow,Weapons,1,"""Blueprint'/Game/PrimalEarth/CoreBlueprints/Weapons/PrimalItem_WeaponCompoundBow.PrimalItem_WeaponCompoundBow'"""
377,Metal Arrow,Ammunition,50,"""Blueprint'/Game/PrimalEarth/CoreBlueprints/Weapons/PrimalItemAmmo_CompoundBowArrow.PrimalItemAmmo_CompoundBowArrow'"""
378,Canteen (Empty),Consumable,1,
379,Canteen (Full),Consumable,1,
380,Metal Sickle,Weapons,1,"""Blueprint'/Game/PrimalEarth/CoreBlueprints/Weapons/PrimalItem_WeaponSickle.PrimalItem_WeaponSickle'"""
381,Behemoth Stone Dinosaur Gateway,Structure,100,"""Blueprint'/Game/PrimalEarth/CoreBlueprints/Items/Structures/Stone/PrimalItemStructure_StoneGateframe_Large.PrimalItemStructure_StoneGateframe_Large'"""
382,Behemoth Reinforced Dinosaur Gate,Structure,100,"""Blueprint'/Game/PrimalEarth/CoreBlueprints/Items/Structures/Stone/PrimalItemStructure_StoneGateLarge.PrimalItemStructure_StoneGateLarge'"""
383,Bear Trap,Weapons,10,"""Blueprint'/Game/PrimalEarth/CoreBlueprints/Items/Structures/Misc/PrimalItemStructure_BearTrap.PrimalItemStructure_BearTrap'"""
384,Large Bear Trap,Weapons,10,"""Blueprint'/Game/PrimalEarth/CoreBlueprints/Items/Structures/Misc/PrimalItemStructure_BearTrap_Large.PrimalItemStructure_BearTrap_Large'"""
385,Trike Bone Helmet Skin,Skin,1,
386,Re-Fertilizer,Resource,100,"""Blueprint'/Game/PrimalEarth/CoreBlueprints/Items/Consumables/BaseBPs/PrimalItemConsumableGeneric.PrimalItemConsumableGeneric'"""
387,SCUBA Tank,Armor,1,"""Blueprint'/Game/PrimalEarth/CoreBlueprints/Items/Armor/SCUBA/PrimalItemArmor_ScubaShirt_SuitWithTank.PrimalItemArmor_ScubaShirt_SuitWithTank'"""
388,SCUBA Mask,Armor,1,"""Blueprint'/Game/PrimalEarth/CoreBlueprints/Items/Armor/SCUBA/PrimalItemArmor_ScubaHelmet_Goggles.PrimalItemArmor_ScubaHelmet_Goggles'"""
389,SCUBA Flippers,Armor,1,"""Blueprint'/Game/PrimalEarth/CoreBlueprints/Items/Armor/SCUBA/PrimalItemArmor_ScubaBoots_Flippers.PrimalItemArmor_ScubaBoots_Flippers'"""
390,Plant Species X Seed,Consumable,100,"""Blueprint'/Game/PrimalEarth/CoreBlueprints/Items/Consumables/Seeds/PrimalItemConsumable_Seed_DefensePlant.PrimalItemConsumable_Seed_DefensePlant'"""
391,Plant Species X Seed (Instant grow),Consumable,100,"""Blueprint'/Game/PrimalEarth/CoreBlueprints/Items/Consumables/Seeds/PrimalItemConsumable_Seed_DefensePlant_SpeedHack.PrimalItemConsumable_Seed_DefensePlant_SpeedHack'"""
392,Spray Painter,Weapons,1,"""Blueprint'/Game/PrimalEarth/CoreBlueprints/Weapons/PrimalItem_WeaponSprayPaint.PrimalItem_WeaponSprayPaint'"""
393,Doedicurus Saddle,Saddle,1,"""Blueprint'/Game/PrimalEarth/CoreBlueprints/Items/Armor/Saddles/PrimalItemArmor_DoedSaddle.PrimalItemArmor_DoedSaddle'"""
394,Thatch Roof (sloped),Structure,100,
395,Sloped Thatch Wall Left,Structure,100,"""Blueprint'/Game/PrimalEarth/CoreBlueprints/Items/Structures/Roofs/Thatch/PrimalItemStructure_ThatchWall_Sloped_Left.PrimalItemStructure_ThatchWall_Sloped_Left'"""
396,Sloped Thatch Wall Right,Structure,100,"""Blueprint'/Game/PrimalEarth/CoreBlueprints/Items/Structures/Roofs/Thatch/PrimalItemStructure_ThatchWall_Sloped_Right.PrimalItemStructure_ThatchWall_Sloped_Right'"""
397,Wooden Roof,Structure,100,
398,Sloped Wood Wall Left,Structure,100,"""Blueprint'/Game/PrimalEarth/CoreBlueprints/Items/Structures/Roofs/Wood/PrimalItemStructure_WoodWall_Sloped_Left.PrimalItemStructure_WoodWall_Sloped_Left'"""
399,Sloped Wood Wall Right,Structure,100,"""Blueprint'/Game/PrimalEarth/CoreBlueprints/Items/Structures/Roofs/Wood/PrimalItemStructure_WoodWall_Sloped_Right.PrimalItemStructure_WoodWall_Sloped_Right'"""
400,Stone Roof,Structure,100,
401,Sloped Stone Wall Left,Structure,100,"""Blueprint'/Game/PrimalEarth/CoreBlueprints/Items/Structures/Roofs/Stone/PrimalItemStructure_StoneWall_Sloped_Left.PrimalItemStructure_StoneWall_Sloped_Left'"""
402,Sloped Stone Wall Right,Structure,100,"""Blueprint'/Game/PrimalEarth/CoreBlueprints/Items/Structures/Roofs/Stone/PrimalItemStructure_StoneWall_Sloped_Right.PrimalItemStructure_StoneWall_Sloped_Right'"""
403,Metal Roof,Structure,100,
404,Sloped Metal Wall Left,Structure,100,"""Blueprint'/Game/PrimalEarth/CoreBlueprints/Items/Structures/Roofs/Metal/PrimalItemStructure_MetalWall_Sloped_Left.PrimalItemStructure_MetalWall_Sloped_Left'"""
405,Sloped Metal Wall Right,Structure,100,"""Blueprint'/Game/PrimalEarth/CoreBlueprints/Items/Structures/Roofs/Metal/PrimalItemStructure_MetalWall_Sloped_Right.PrimalItemStructure_MetalWall_Sloped_Right'"""
406,Magenta Coloring,Dye,100,"""Blueprint'/Game/PrimalEarth/CoreBlueprints/Items/PrimalEarthDye_ActuallyMagenta.PrimalEarthDye_ActuallyMagenta'"""
407,Brick Coloring,Dye,100,"""Blueprint'/Game/PrimalEarth/CoreBlueprints/Items/PrimalEarthDye_Brick.PrimalEarthDye_Brick'"""
408,Cantaloupe Coloring,Dye,100,"""Blueprint'/Game/PrimalEarth/CoreBlueprints/Items/PrimalEarthDye_Cantaloupe.PrimalEarthDye_Cantaloupe'"""
409,Mud Coloring,Dye,100,"""Blueprint'/Game/PrimalEarth/CoreBlueprints/Items/PrimalEarthDye_Mud.PrimalEarthDye_Mud'"""
410,Navy Coloring,Dye,100,"""Blueprint'/Game/PrimalEarth/CoreBlueprints/Items/PrimalEarthDye_Navy.PrimalEarthDye_Navy'"""
411,Olive Coloring,Dye,100,"""Blueprint'/Game/PrimalEarth/CoreBlueprints/Items/PrimalEarthDye_Olive.PrimalEarthDye_Olive'"""
412,Slate Coloring,Dye,100,"""Blueprint'/Game/PrimalEarth/CoreBlueprints/Items/PrimalEarthDye_Slate.PrimalEarthDye_Slate'"""
413,Mindwipe Tonic,Consumable,100,"""Blueprint'/Game/PrimalEarth/CoreBlueprints/Items/Consumables/BaseBPs/PrimalItemConsumableRespecSoup.PrimalItemConsumableRespecSoup'"""
414,Wooden Raft,Structure,2,"""Blueprint'/Game/PrimalEarth/Items/Raft/PrimalItemRaft.PrimalItemRaft'"""
415,Bronto Platform Saddle,Saddle,1,"""Blueprint'/Game/PrimalEarth/CoreBlueprints/Items/Armor/Saddles/PrimalItemArmor_SauroSaddle_Platform.PrimalItemArmor_SauroSaddle_Platform'"""
417,Pachy Saddle,Saddle,1,"""Blueprint'/Game/PrimalEarth/CoreBlueprints/Items/Armor/Saddles/PrimalItemArmor_PachySaddle.PrimalItemArmor_PachySaddle'"""
418,Pachycephalosaurus Egg,Egg,100,"""Blueprint'/Game/PrimalEarth/Test/PrimalItemConsumable_Egg_Pachy.PrimalItemConsumable_Egg_Pachy'"""
419,Kibble (Pachy Egg),Consumable,100,"""Blueprint'/Game/PrimalEarth/CoreBlueprints/Items/Consumables/PrimalItemConsumable_Kibble_PachyEgg.PrimalItemConsumable_Kibble_PachyEgg'"""
420,Rockwell Recipes- Mindwipe Tonic,Recipe,1,
421,Painting Canvas,Structure,100,"""Blueprint'/Game/PrimalEarth/CoreBlueprints/Items/Structures/Misc/PrimalItemStructure_PaintingCanvas.PrimalItemStructure_PaintingCanvas'"""
422,Paracer Saddle,Saddle,1,"""Blueprint'/Game/PrimalEarth/CoreBlueprints/Items/Armor/Saddles/PrimalItemArmor_Paracer_Saddle.PrimalItemArmor_Paracer_Saddle'"""
423,Paracer Platform Saddle,Saddle,1,"""Blueprint'/Game/PrimalEarth/CoreBlueprints/Items/Armor/Saddles/PrimalItemArmor_ParacerSaddle_Platform.PrimalItemArmor_ParacerSaddle_Platform'"""
424,Pelt,Resource,200,"""Blueprint'/Game/PrimalEarth/CoreBlueprints/Resources/PrimalItemResource_Pelt.PrimalItemResource_Pelt'"""
425,Dimorph Egg,Egg,100,"""Blueprint'/Game/PrimalEarth/Test/PrimalItemConsumable_Egg_Dimorph.PrimalItemConsumable_Egg_Dimorph'"""
426,Kibble (Dimorph Egg),Consumable,100,"""Blueprint'/Game/PrimalEarth/CoreBlueprints/Items/Consumables/PrimalItemConsumable_Kibble_DimorphEgg.PrimalItemConsumable_Kibble_DimorphEgg'"""
427,Beelzebufo Saddle,Saddle,1,"""Blueprint'/Game/PrimalEarth/CoreBlueprints/Items/Armor/Saddles/PrimalItemArmor_ToadSaddle.PrimalItemArmor_ToadSaddle'"""
428,Megaloceros Saddle,Saddle,1,"""Blueprint'/Game/PrimalEarth/CoreBlueprints/Items/Armor/Saddles/PrimalItemArmor_StagSaddle.PrimalItemArmor_StagSaddle'"""
429,Fur Leggings,Armor,1,"""Blueprint'/Game/PrimalEarth/CoreBlueprints/Items/Armor/Fur/PrimalItemArmor_FurPants.PrimalItemArmor_FurPants'"""
430,Fur Chestpiece,Armor,1,"""Blueprint'/Game/PrimalEarth/CoreBlueprints/Items/Armor/Fur/PrimalItemArmor_FurShirt.PrimalItemArmor_FurShirt'"""
431,Fur Cap,Armor,1,"""Blueprint'/Game/PrimalEarth/CoreBlueprints/Items/Armor/Fur/PrimalItemArmor_FurHelmet.PrimalItemArmor_FurHelmet'"""
432,Fur Boots,Armor,1,"""Blueprint'/Game/PrimalEarth/CoreBlueprints/Items/Armor/Fur/PrimalItemArmor_FurBoots.PrimalItemArmor_FurBoots'"""
433,Fur Gauntlets,Armor,1,"""Blueprint'/Game/PrimalEarth/CoreBlueprints/Items/Armor/Fur/PrimalItemArmor_FurGloves.PrimalItemArmor_FurGloves'"""
434,Wooden Club,Weapons,1,"""Blueprint'/Game/PrimalEarth/CoreBlueprints/Weapons/PrimalItem_WeaponStoneClub.PrimalItem_WeaponStoneClub'"""
435,Poison Grenade,Weapons,10,"""Blueprint'/Game/PrimalEarth/CoreBlueprints/Weapons/PrimalItem_PoisonGrenade.PrimalItem_PoisonGrenade'"""
436,Fabricated Sniper Rifle,Weapons,1,"""Blueprint'/Game/PrimalEarth/CoreBlueprints/Weapons/PrimalItem_WeaponMachinedSniper.PrimalItem_WeaponMachinedSniper'"""
437,DodoRex Mask Skin,Skin,1,"""Blueprint'/Game/PrimalEarth/CoreBlueprints/Items/Armor/Skin/PrimalItemSkin_DodorexMask.PrimalItemSkin_DodorexMask'"""
No ID,Admin Rifle,Weapons,1,"""Blueprint'/Game/Mods/AdminRifle/PrimalItem_AdminRifle.PrimalItem_AdminRifle'"""
No ID,AJetpack,Armor,1,"""Blueprint'/Game/Mods/JetpackMod/PrimalItemArmor_jetpack.PrimalItemArmor_jetpack'"""
No ID,AJetpackController,Armor,1,"""Blueprint'/Game/Mods/JetpackMod/PrimalItem_WeaponJetpackController.PrimalItem_WeaponJetpackController'"""
No ID,Admin Elite Box,Resource,1,"""Blueprint'/Game/Mods/XtremeAdmin/Admin/EliteBox/PrimalItemStructure_EliteBox.PrimalItemStructure_EliteBox'"""
No ID,Admin Resource Box,Resource,1,"""Blueprint'/Game/Mods/XtremeAdmin/Admin/ResourceBox/PrimalItemStructure_ResourceBox.PrimalItemStructure_ResourceBox'"""